smiles;Kin (i.e. how many reactions give this molecule);Kout (i.e. how many reactions use this molecule as substrate)
N#CC(C#N)(CCC=O)NC(N)=O;1;25
N#CCNCC(N)=O;1;15
COC(=O)CC(NCC(=O)NCCC#N)C(=O)OC;1;18
N#CCCN(CC#N)CC(=O)O;1;7
COC(=O)CN(CC#N)C(=N)NC(=N)N;1;15
N#CC(O)C(=O)O;1;4
N#CC(=N)N(CCC(N)=O)CC(N)=O;1;0
CC(C#N)Nc1[nH]cnc1C#N;1;9
N#CCCNC(Cc1ccccc1)C(N)=O;1;14
NC(=S)CCN(C=O)CC(N)=S;1;0
C=CC=Nc1[nH]cnc1C(N)=O;1;1
N=C(NCC(N)=O)C(N)=NCC(N)=O;1;0
N#CCCNC(Cc1ccccc1)C(N)=S;1;4
NC(=O)CN=CC(O)C(O)CO;1;1
NC(=O)c1nc[nH]c1N=CC(=CCO)c1ccccc1;1;1
N#CCN(CC#N)C(=O)CNC(=O)CNC(=N)N;1;2
c1ccc(Cc2cnc[nH]2)cc1;1;5
C=CC=NCC(=O)NCC(N)=O;1;1
N#CCCNC=O;1;2
N#CCCNC(CC(N)=O)C(N)=O;1;13
CC=NCCC#N;1;1
COC(=O)CC(NCC(=O)O)C(=O)OC;1;16
N#CCCN(CC(=O)O)CC(=O)O;1;7
COC(=O)CNC(=N)NC(=N)N;1;15
C=C(C=Nc1[nH]cnc1CC#N)c1ccccc1;1;1
C=CC#N;1;19
N#CCN(CC#N)C(N)=O;1;1
N#CCN(C(=O)CNC(N)=O)c1[nH]cnc1C(=O)O;1;10
N#CCN(CC(N)=O)C(=N)NC(=N)N;1;1
N#CC=CN(CCC#N)c1ncnc2[nH]cnc12;1;0
N#CCCN(CC#N)CC(=O)OC(CC(N)=O)C(N)=O;1;6
N#CCCN(CCC#N)C(=O)CNC(N)=O;1;1
O=c1nc(N=CC(O)Cc2ccccc2)cc[nH]1;1;1
CC(C#N)NC(C#N)Cc1ccccc1;1;14
C=CC=Nc1ncnc2[nH]cnc12;1;1
C=Cc1nc(N)nc(N(CCC#N)CC(=O)O)n1;2;19
NC(=O)NCC(=S)NCCC(=O)O;1;0
N#CCCN(C=O)C(C(N)=O)C(N)=O;1;1
N#CCC(C#N)NCCO;1;12
N#CC(Cc1ccccc1)Nc1ncnc2[nH]cnc12;1;9
N=C(N)NC(=N)N(CCC(N)=O)CC(N)=O;1;1
N#CCCNCC(=O)NCC#N;1;15
NC(=O)CN(CC(N)=O)C(N)=O;1;0
O=CCCNc1ncnc(C=O)c1NCCC=O;1;18
N#CCC(C#N)NC=O;1;2
C=CC=NCCC(N)=O;1;1
N=C(N)NCC=Nc1[nH]cnc1C(=O)O;1;1
C=C(c1ccccc1)C(C#N)N=CC(O)C(O)CO;1;1
N#CCC(C#N)N=CC(O)Cc1ccccc1;1;1
N#CCCN(CCC#N)C(=N)N;1;4
N=C(N)NCC(=O)Nc1ncnc2[nH]cnc12;1;2
NC(=O)NCC(=O)NCC(=O)NCC(=O)O;1;4
N#CCN;3;33
N#CCN(CC#N)c1nc(N)nc(CNC(N)=O)n1;2;17
C=C(C=C(C=NCC(N)=O)c1ccccc1)c1ccccc1;1;1
NC(=S)CNc1[nH]cnc1C(=O)O;1;3
C=C(C=NCC(=O)N(CCC#N)CC(=O)O)c1ccccc1;1;1
C=C(c1ccccc1)C(C#N)N=CC(=CC)c1ccccc1;1;1
C=C(c1ccccc1)C(C#N)NC(N)=O;1;2
N#CCN(CC#N)C(=O)C(=O)N(CC#N)CC#N;1;4
N#Cc1ncnc(N)c1N;2;22
O=C(O)CCNC(=S)CO;1;0
CC=C(C=O)c1ccccc1;1;27
N#CCN=CCc1ccccc1;1;1
CC(C#N)NC(=O)CN;1;33
NC(=O)c1ncnc(N)c1N;1;20
O=c1[nH]c(=O)c2nc[nH]c2[nH]1;3;2
NC(=O)C(N=CC(O)Cc1ccccc1)C(N)=O;1;1
COC(=O)C(=O)OC;1;16
N#CCCn1c(C#N)c(N)[nH]c1=O;1;15
N#CCCN(CCC#N)CC(=O)OC(CC(N)=O)C(N)=O;1;6
CC=NC(CC(=O)O)C(=O)O;1;1
N#CCCN(CC#N)C(N)=O;1;1
N#CCNCC(=O)N(CC#N)CC(=O)O;1;15
COC(=O)CC(NC(C#N)Cc1ccccc1)C(=O)OC;1;19
NCC(=O)NCC(=O)NCC(N)=O;1;29
N#CC(CO)N=CC(O)Cc1ccccc1;1;1
N#CCCN(CC#N)c1nc(N)nc(CNC(N)=O)n1;2;17
N#CCCNC(=O)CN=CC(O)C(O)CO;1;1
N=C(N)NCC(=S)NCC(=O)O;1;0
COC(=O)CCNC(Cc1ccccc1)C(=O)O;1;19
N#CCCNc1ncnc2[nH]cnc12;1;10
N#CCN(CC(N)=O)C(=O)CNC(=N)N;1;2
CC=C(C=NCC(=O)NC(C#N)CC#N)c1ccccc1;1;1
N#CCC1NC(=O)N=C1N;1;0
N#CCCNc1[nH]cnc1C#N;2;10
NC(=O)CCN(C=O)C(C(N)=O)C(N)=O;1;0
NC(=S)CCc1ccccc1;1;4
C=C(C=NCC(=O)NC(C#N)CC#N)c1ccccc1;1;1
N#CCC(C#N)NC(=O)CN=CC(O)Cc1ccccc1;1;1
C=CC=NCCC#N;1;1
NC(=S)CCNC(C(N)=S)C(N)=S;1;2
O=C(O)CCC(=O)O;3;4
C=C(c1ccccc1)C(O)C(N)=S;1;3
N#CCCN(C=O)C(C#N)Cc1ccccc1;1;3
C=C(c1ccccc1)C(O)C(N)=O;1;3
N#CC=CNC(C#N)CO;2;0
N#CCCNC(=N)N;1;4
N#CCCN=CC(O)CO;1;1
CC=O;3;25
NC(=O)CNC(=O)CN=CC(=CCO)c1ccccc1;1;1
N#CCCNc1ncco1;1;15
O=C(O)c1nc[nH]c1N=CCO;1;1
N#CC(Cc1ccccc1)NC(N)=O;1;2
CC=C(C=NCC(N)=O)c1ccccc1;1;1
N#CC(CO)N=CCc1ccccc1;1;1
N#CCCNC(=O)C(=O)NCCC#N;1;4
CC=Nc1[nH]cnc1C(N)=O;1;1
N#CC=CNc1nc(=O)[nH]c2[nH]cnc12;2;0
N#CCCN(C=O)CCC#N;1;2
C=C(c1ccccc1)C(N)C#N;1;16
N#CCN(CCc1ccccc1)C(N)=O;1;2
C=CC=NC(C)C#N;1;1
O=CCCN(CCC=O)C(C=O)C=O;1;20
NC(=O)CCNCC(=O)O;1;13
CC=C(C=NCC(=O)NCC(N)=O)c1ccccc1;1;1
NC(=S)CCN(CCC(N)=S)CC(=O)O;1;2
N#CCN(C(=O)CNC(=N)NC(=N)N)c1[nH]cnc1C#N;1;2
N#CCCN(CC#N)C(=O)CN=CC(=O)O;1;1
NC(=O)c1nc[nH]c1N=CCc1ccccc1;1;1
N#CC=CN(CCC#N)CC(N)=O;1;0
O=C(CO)CO;1;23
N#CCCN(CC#N)C(=O)CNC(N)=O;2;1
NC(=O)c1nc[nH]c1N=CC(O)Cc1ccccc1;1;1
N#CC(=N)N(CC(N)=O)CC(=O)O;1;0
N#CCCN(CC(=O)O)c1nc(N)nc(CNC(N)=O)n1;2;17
N#CCN(C(N)=O)c1[nH]cnc1C#N;1;6
N#CCN(C(=O)CNC(=N)N)c1[nH]cnc1C(N)=O;1;3
C=C(C=NCC(=O)N(CC#N)CC#N)c1ccccc1;1;1
O=C(O)C(=O)Cc1ccccc1;1;17
C=C(C=NC(C)C#N)c1ccccc1;1;1
C=C(C=O)c1ccccc1;2;27
C=C(C=NC(C(N)=O)C(N)=O)c1ccccc1;1;1
NC(=O)COC(=O)C(O)Cc1ccccc1;1;6
CC=C(c1ccccc1)C(O)C#N;1;5
O=C(O)CNc1[nH]cnc1C(=O)O;3;6
CC=C(C=NC(Cc1ccccc1)C(=O)O)c1ccccc1;1;1
N#CCNCCC(=O)O;1;15
N#CCNC(=O)CNC(=O)CNC(=N)N;1;2
N#CCc1nc[nH]c1NC(=N)C#N;1;0
N=C(N)NC(=N)NCC(=O)OC(CC(N)=O)C(N)=O;1;2
NC(=O)COC(=O)CC(O)C(=O)OCC(N)=O;2;4
N=CN;1;10
N#CCCN(CC(N)=O)C(=N)C#N;1;0
CC=NCC(=O)N(CC#N)CC#N;1;1
CC(C#N)N=CCc1ccccc1;1;1
NC(=O)CCNC(N)=O;1;0
N=C(N)Nc1ncnc(C(N)=S)c1NC(=N)N;1;4
N#CCN(CC(=O)O)C(=N)NC(=N)N;1;1
N#CCN(CC#N)C(=N)NC(=N)N;1;2
C=C(C=C(c1ccccc1)C(N)C#N)c1ccccc1;1;14
N#CC(CO)NC(C(N)=O)C(N)=O;1;5
NC(=S)CC(NC=O)C(N)=S;1;0
NC(=O)CC(N=CCO)C(N)=O;1;1
CC=NC(Cc1ccccc1)C(N)=O;1;1
N#CCN(CCc1ccccc1)C(=N)C#N;1;0
NC(=O)c1nc[nH]c1NC=O;1;3
N#CCCN(C=O)CC(N)=O;1;2
COC(=O)CCNC(C)C#N;1;20
N#CCC(C#N)N=CC(=O)O;1;1
OCC=C(C=Nc1ncnc2[nH]cnc12)c1ccccc1;1;1
N#Cc1ncn(C(=N)N)c1NC(N)=O;1;1
N=C(N)NCC=NC(CC(N)=O)C(N)=O;1;1
N#CC=CN;2;1
NC(=O)C=CNc1[nH]cnc1C(N)=O;1;1
N#CCCN(CC#N)CCC#N;1;4
N=C(N)NCC=Nc1[nH]cnc1C(N)=O;1;1
N#CCCN(CC#N)C(=O)CNC(=S)CO;1;1
NC(=O)NCC(=O)Nc1ncnc2[nH]cnc12;1;6
N=C(N)NC(=N)NCC(=O)NCC(=O)O;2;1
N=C(N)NCC(=O)N(CC(N)=O)c1[nH]cnc1C(N)=O;1;1
N=C1CNC(=O)N1;1;0
NC(=S)C(Cc1ccccc1)NCC(=O)O;1;3
O=C(O)CNC(=O)CN=CC(O)CO;1;1
N#CCN(CC(=O)O)C(=O)CNC=CC(N)=O;1;0
N#CCC(C#N)N(CC#N)C(N)=O;1;1
NC(=O)CNC(=S)c1ncnc(N)c1N;1;4
NC(=O)C(Cc1ccccc1)N=CCO;1;1
NC(=O)c1nc[nH]c1NCCc1ccccc1;2;7
NC1=NC(=O)N(CC(=O)O)CC1;1;0
N#CCCN(C(=O)CNC(=N)NC(=N)N)C(C#N)CC#N;1;1
N=C(N)NCC=Nc1nc(=O)[nH]c2[nH]cnc12;1;1
O=C(O)C=Nc1ncnc2[nH]cnc12;1;1
N#CCCNCCC(N)=O;1;15
NC(=O)CCN=CCc1ccccc1;1;1
NC(=O)N(CCC(N)=S)CC(=O)O;1;2
N=C(N)NCC=NCC(N)=O;1;1
N#CCNC(CC(N)=O)C(N)=O;1;13
N#CCC(C#N)NC(=O)CN;1;33
N=C(N)NC(Cc1ccccc1)C(N)=S;1;4
N#Cc1[nH]c(=O)[nH]c1NC(=O)CNC(=N)NC(=N)N;1;1
NC(=S)CCNCC(=O)O;1;0
NC(=O)CNCCC(N)=S;1;0
NC=Nc1[nH]cnc1C(N)=O;1;4
NC(=O)CCNCCC(=O)OCC(N)=O;1;11
Nc1[nH]cnc1C=O;1;21
N=C(N)NCC(=S)NCC(=O)NCC(=O)O;1;0
C#CC(N)=O;1;0
N#CCCN(CC(=O)O)C(=O)CN=CC(=O)O;1;1
N#Cc1nc[nH]c1N=CC(=O)O;1;1
O=CC(O)C(O)C(O)Cc1ccccc1;1;14
N#CCN(CC(=O)OCC(N)=O)C(=N)NC(=N)N;1;2
NC(=O)CNC(=O)CNC(N)=O;2;0
N#CC=CN(CC#N)CC(N)=O;1;0
N=C(N)NCC(=O)Nc1[nH]cnc1C(N)=O;1;1
NC(=O)CCNC(=S)CO;1;0
N#CCC(C#N)N(CC#N)C(=O)CNC(=N)N;1;3
N#CCCN(CCC#N)c1[nH]cnc1C(N)=O;1;8
N#CCCN(CCc1ccccc1)CC(=O)O;1;8
CSCCC(=O)OCC(N)=O;1;4
N#CC=CN(CCC#N)CCC#N;1;0
N=C(N)NCCC=O;1;25
NC(=O)CCN(CCC(N)=O)C(C(N)=O)C(N)=O;2;0
N#CCNC(C#N)CO;2;12
O=CCNc1[nH]cnc1C=O;2;13
N#CCNC(=O)CNC(=N)NC(=N)N;2;1
NC(=O)CNC(=S)CCC(=S)NCC(N)=O;1;0
Nc1ncc(CO)o1;1;17
CC=C(C=NCC(=O)N(CC#N)CC(=O)O)c1ccccc1;1;1
N#CC(C#N)N=CCc1ccccc1;1;1
N#CCCNC(=S)CO;1;1
N#CCC(C#N)NC=CC(N)=O;1;0
NC(=O)CC=O;2;15
N#CCN(C(=O)CNC(=N)N)c1[nH]cnc1C#N;1;4
O=C(O)CC(N=CCc1ccccc1)C(=O)O;1;1
N#CCCN(CCC#N)c1c(C#N)ncn1C(=N)N;1;1
N#CCCN(CC#N)C(=O)CNC=CC(N)=O;1;0
N#CCC(C#N)NCCc1ccccc1;1;14
O=CCC(O)C=O;2;7
CC=C(C=NC(C#N)Cc1ccccc1)c1ccccc1;1;1
N#CCCNC(=O)CNC(=O)CNC(=N)NC(=N)N;1;1
N=C(N)NCC(=O)Nc1nc(=O)[nH]c2[nH]cnc12;1;1
N=C(N)NC(=N)NCC(=O)Nc1ncco1;1;4
NC(=S)CCNC(CC(N)=S)C(N)=S;1;2
CC(C#N)NC(=N)N;1;4
O=C(O)CCNC(CC(=O)O)C(=O)O;1;10
N#CC(CO)NC(=O)CNC(=N)NC(=N)N;1;1
N=C(N)NCC(=O)N(CCC(=O)O)CC(=O)O;1;0
NCCC(N)=S;1;3
N#CCCN(CCC#N)C(C#N)CC#N;1;4
O=C(O)CC(N=CC(O)Cc1ccccc1)C(=O)O;1;1
COC(=O)CCNC(C#N)CO;1;19
NC(=O)CNc1ncnc2[nH]cnc12;1;7
N#CCNC(=O)CNC(=S)c1nc[nH]c1NC(N)=O;1;2
Nc1[nH]cnc1C(=S)NCC(=O)NCC(=O)O;1;1
NCCC(N)=O;1;31
N#CCN(CC#N)C(=O)CN=CCc1ccccc1;1;1
N=C(N)NCC(N)=O;2;0
NCC(=O)SSC(=O)CN;1;1
N#CC(CO)NC(=O)CNC(N)=O;1;3
N#CCN(C(N)=O)c1ncnc2[nH]cnc12;1;7
NC(=S)CNCCc1ccccc1;1;1
C=C(c1ccccc1)C(C#N)Nc1[nH]cnc1C(=O)O;1;7
N#CCN(CC(=O)O)C(=O)CNC=O;1;2
C#CC#N;1;25
C=C(c1ccccc1)C(C#N)N=CCO;1;1
N#CCN(CC(=O)O)C(=O)CNC(=S)CO;1;1
O=C(O)CNCCO;1;11
NC(=O)C=CNC(Cc1ccccc1)C(N)=O;1;1
C=CC=NC(C#N)CC#N;1;1
N#CCNc1[nH]cnc1C#N;2;10
CC=C(C=Nc1[nH]c(=O)[nH]c1C#N)c1ccccc1;1;1
N#CCN(CC#N)C(=O)CN;1;33
N=C(N)NC(=N)NCC(=O)Nc1ncnc2[nH]cnc12;1;2
COC(=O)CCSC;1;17
C=Cc1nc(N)nc(NCCC#N)n1;2;3
N#CC=CN(CC#N)CC#N;1;0
N#CC(CO)N=CC(O)CO;1;1
N#CCCNCC(=O)O;4;15
N=C(N)NCC=NC(Cc1ccccc1)C(=O)O;1;1
N#CCNC(=S)CNC(=N)N;1;1
N#CCCN(CC(N)=O)C(=O)CNC(=N)NC(=N)N;1;1
NC(N)=O;1;0
C=CC=NCC(=O)N(CC#N)CC(=O)O;1;1
N#CCCNCC(=O)N(CCC#N)CC(=O)O;1;15
C=C(c1ccccc1)C(C#N)NC(C#N)Cc1ccccc1;1;9
N#CC(=N)Nc1nc(=O)[nH]c2[nH]cnc12;1;0
N=C(N)NC(=N)NC(CC(N)=O)C(N)=O;1;1
N=C(N)NC(CC(=O)O)C(=O)O;2;0
COC(=O)CN(CCC#N)C(=N)NC(=N)N;1;15
CC(=S)NCC(=O)NCC(N)=O;1;0
O=CC(O)C(O)CO;1;12
N#CCCN(CCC(N)=O)CC(N)=O;1;3
N#CCNC(Cc1ccccc1)C(N)=O;1;14
N#CC(Cc1ccccc1)NCCC(=O)OCC(N)=O;1;13
C;0;2
CC(C#N)Nc1[nH]cnc1C(=O)O;1;8
NC(=O)c1nc[nH]c1NCCO;1;7
C=CC(N)C#N;1;15
N#CCCN(CC(=O)O)C(=O)CN=CCNC(=N)N;1;1
C=O;1;34
N#CCCNCCC#N;1;15
N=C(N)NCCC(N)=O;2;0
NC(=O)CCN(CC(N)=O)CC(=O)O;1;5
c1c[nH]cn1;1;6
NC(=O)CN(CC(=O)O)C(N)=O;1;4
N#CCCN(C=O)C(C#N)CC#N;1;2
N#CC=CN(CCC#N)c1[nH]cnc1C#N;1;0
NC(=O)NCC(=O)NC(CC(=O)O)C(=O)O;1;4
O=c1nc(N=CC(=CCO)c2ccccc2)cc[nH]1;1;1
CC=NC(C(N)=O)C(N)=O;1;1
N#CCNC(=N)N;1;4
NC(=O)NCC(=O)NCC(=O)O;2;4
N#CCCN(CCC#N)C(=N)C#N;1;0
N#CCCNCC(=O)NCC(=O)O;1;15
N#CCN(C=O)c1[nH]cnc1C(=O)O;1;4
NC(=O)COC(=O)CCNC(CC(N)=O)C(N)=O;1;10
NC(=O)CNC(=O)CNC(=O)CNC(N)=O;1;0
N=C(N)NC(CC(N)=O)C(N)=O;2;0
N#CC=Cn1cnc(C#N)c1NC=O;1;0
O=C(O)C=Nc1cc[nH]c(=O)n1;1;1
NC(=O)C=CNC(Cc1ccccc1)C(=O)O;1;1
N#CCC(O)C#N;1;5
CC=NCC(=O)NCC#N;1;1
N#CCCN(CCC#N)c1[nH]cnc1C(=O)O;1;12
N#CCCN(C(N)=O)c1c(C#N)ncn1C(=N)N;1;1
N#CC=CNC(Cc1ccccc1)C(N)=O;2;0
CO;1;1
N#CCCN(CC(N)=O)C(=O)CN;1;31
NC(=O)CNC(=O)CNC(=S)C(O)Cc1ccccc1;1;1
N#CCN(C(=O)CNC(N)=O)C(C#N)Cc1ccccc1;1;2
CS;1;3
O=c1[nH]cnc2[nH]cnc12;2;3
N#CCN=CC(O)CO;1;1
O=C(O)CN=CCO;1;1
NC(=O)C(C(N)=O)N(CCC(N)=S)C(N)=O;1;0
COC(=O)CC(NC(C)C#N)C(=O)OC;1;18
NC(=O)c1nc[nH]c1N=CC(O)C(O)CO;1;1
CC(C#N)Nc1ncnc2[nH]cnc12;1;9
NC(=O)CN(C(N)=O)c1[nH]cnc1C(N)=O;1;5
N#CCN(CC(=O)O)C(=O)CN=CC(O)CO;1;1
N#CCO;1;5
N#CC(C#N)NC=CC(N)=O;1;1
N=C(N)NCC=O;2;15
N#CCNC(=O)CN=CC(=O)O;1;1
NC(=O)C(N=CCc1ccccc1)C(N)=O;1;1
N#Cc1nc[nH]c1N=CC(=CCO)c1ccccc1;1;1
N#CCNC(=S)c1ncnc(N)c1N;1;5
C=C(c1ccccc1)C(C#N)Nc1ncnc2[nH]cnc12;1;7
N#CCNCC(=O)NCC(N)=O;1;13
N#CC=CNCC(=O)NC(C#N)Cc1ccccc1;2;0
Nc1ncnc(C(=O)O)c1N;2;20
NC(=O)C(C(N)=O)N(CCC(N)=S)CCC(N)=S;1;0
NC(=O)CNC(Cc1ccccc1)C(N)=O;1;12
O=C(O)CCN=CCc1ccccc1;1;1
Nc1ncnc(C=O)c1N;1;26
NC(=O)C(N)Cc1ccccc1;1;32
N#CCN1CC(=O)NC1=O;1;1
Nc1[nH]cnc1C(=O)O;3;13
N#CCCNC(=N)C(=N)NCCC#N;1;0
NC(=S)C(Cc1ccccc1)NC=O;1;1
N#CC(O)C(O)CO;1;5
CC=NCC(=O)NC(C#N)CC#N;1;1
N#CCC(C#N)NCCC(=O)OCC(N)=O;1;12
N#CCNC(=S)CO;1;1
N#CCCNCCC(=O)OCC(N)=O;1;13
N#CC(CO)Nc1[nH]cnc1C(N)=O;1;8
NC1=NC(=O)NC1;1;0
NC(=O)NCC(=O)N(CC(=O)O)CC(=O)O;1;4
C=C(C=NC(CC(N)=O)C(N)=O)c1ccccc1;1;1
N#CC(Cc1ccccc1)N=CC(O)C(O)CO;1;1
N#CCCN=CCNC(=N)N;1;1
N#CCCn1c(=O)c(=O)n(CCC#N)c2c(C#N)ncnc21;1;5
CC(C#N)N=CCNC(=N)N;1;1
O=CC(O)CO;2;13
C=CC=NCC#N;1;1
N#CCCN(C(=O)CNC(=N)N)c1[nH]cnc1C(N)=O;1;3
Nc1[nH]cnc1C(=S)NCCC(=O)O;1;1
NC(=O)CCN(CC(=O)O)C(=O)CNC(N)=O;1;4
N=C(N)NC(=N)NCC(=O)NCC(=O)NCC(=O)O;1;1
N=C(N)NC(=N)NCC(=O)NCC(=O)NCC(N)=O;1;1
N#CCCNC=CC(N)=O;1;0
O=CNc1ncnc(C(=O)O)c1NC=O;1;2
N#CCN(C(=O)CNC(=N)N)c1ncnc2[nH]cnc12;1;5
O=C(O)CN=CCc1ccccc1;1;1
N#CCCN(C(=N)N)C(C#N)CC#N;1;4
N#CC(Cc1ccccc1)NC=O;1;3
NC(=O)CCNc1[nH]cnc1C(=O)O;1;7
N#CCCNC(=N)NC(=N)N;1;2
N=C(N)n1cnc(C(N)=O)c1NC(N)=O;1;1
N#CC(N)CO;1;32
NC(=O)C(N)=O;1;1
O=C(O)c1ncnc2[nH]c(=O)c(=O)[nH]c12;1;6
NC(=O)CC(O)C(N)=S;1;2
N=CNc1ncco1;2;2
O=C(O)CNC(=O)CNC(=S)C(O)Cc1ccccc1;1;1
N#CCNC(=O)CN=CCO;1;1
N#CC#N;1;14
N=C(N)NC(=N)NCCC(=O)O;1;1
CC(C#N)NCC(N)=O;1;14
NC(=O)CC(O)C(N)=O;2;3
C=C(c1ccccc1)C(C#N)N=CCNC(=N)N;1;1
N#CCCN(CC(=O)O)C(=N)NC(=N)N;1;1
N#CCN(C(=O)CN)C(C#N)Cc1ccccc1;1;34
N#CCN(CC(=O)O)C(N)=O;1;5
N#CC(Cc1ccccc1)N(CC(=O)O)C(=N)N;1;4
NC(=O)CNCCc1ccccc1;2;14
N#CCCN(CC#N)C(=O)CNC(=S)c1nc[nH]c1N;1;2
OCC=Nc1ncnc2[nH]cnc12;1;1
N#CCNC(=N)C(=N)NCC#N;1;0
N#CCCN(CCC#N)C(=N)NC(=N)N;1;2
N#CCN(CC#N)C(=O)CN=CC(O)CO;1;1
O=C(O)CC(N=CC(O)C(O)CO)C(=O)O;1;1
N#CC=CNC(CC(N)=O)C(N)=O;2;0
N#Cc1nc[nH]c1NC(C#N)CO;1;9
N#CCCN(C=O)c1ncnc2[nH]cnc12;1;5
N#CCN(C(N)=O)c1[nH]cnc1C(N)=O;1;6
CC(N)C(=O)O;1;32
CC=C(C=NCC(=O)O)c1ccccc1;1;1
N#Cc1ncnc(N)c1NC(N)=O;1;18
NC(=S)CCNc1[nH]cnc1C(=O)O;1;3
C=C(C=C(c1ccccc1)C(O)C#N)c1ccccc1;1;3
N#CCCN(C=O)c1ncnc(C#N)c1N(C=O)CCC#N;1;3
N#CC(O)C(=CCO)c1ccccc1;1;5
N#CCCN(CC#N)C(=N)C#N;1;0
N#Cc1nc[nH]c1NC(=O)CNC(N)=O;1;6
O=C(O)CNCCc1ccccc1;2;13
N#CC(NC(N)=O)C(=CCc1ccccc1)c1ccccc1;1;2
N#CCCN(C(N)=O)C(C(N)=O)C(N)=O;1;1
CC=NC(C#N)CC#N;1;1
N#CCC(C#N)NC(=O)CNC=CC(N)=O;1;0
CSCCC(=O)O;1;4
NCC(=O)N(CCC(N)=O)CC(N)=O;2;29
N=C(N)NCC(=O)N(CCC(=O)O)c1[nH]cnc1C(=O)O;1;1
NC(=O)Nc1ncnc(C(N)=O)c1NC(N)=O;1;1
CC=C(C=NC(CC(=O)O)C(=O)O)c1ccccc1;1;1
O=C(O)CNC(=O)C(=O)NCC(=O)O;1;6
N#CC(N)C(O)CO;1;20
N#CCCN(C(C#N)Cc1ccccc1)C(C(N)=O)C(N)=O;1;3
N=C(N)NCC(=O)Nc1ncco1;1;3
N=C(Nc1cc[nH]c(=O)n1)C(=N)Nc1cc[nH]c(=O)n1;1;1
N#CC=CN(CCC#N)C(C#N)C#N;1;0
C=Cc1nc(N)nc(NCC#N)n1;2;3
N#CC(=N)N(CC(=O)O)CC(=O)O;1;0
N#CCCNc1[nH]cnc1Cc1ccccc1;1;10
N#CCCN(C(N)=O)C(C#N)=C(N)C#N;1;3
NC=Nc1ncnc2[nH]cnc12;1;4
N#CCCN1CC(N)=NC1=O;1;0
N#CCCN(CC#N)c1[nH]cnc1C(=O)O;1;12
C=CC(N)=O;1;2
N#CCCN(CC(=O)O)C(=O)CNC(=N)N;2;3
NC(=O)CNCC(N)=S;1;0
N#CCC(C#N)NC(=O)CNC(=O)CNC(N)=O;1;1
NC(=O)CNCC(N)=O;2;13
N#Cc1ncnc2[nH]c(=O)c(=O)[nH]c12;1;6
OCC=Nc1[nH]cnc1Cc1ccccc1;1;1
CC=C(C=Nc1[nH]cnc1C(N)=O)c1ccccc1;1;1
NC(=S)C(O)C(=CCc1ccccc1)c1ccccc1;1;3
NC(=S)c1[nH]c(=O)[nH]c1N;1;3
NC(=S)CNC(Cc1ccccc1)C(N)=S;1;3
CC=C(C=Nc1ncco1)c1ccccc1;1;1
N#CCNCC(=O)N(CC#N)CC#N;1;15
C=C(C=Nc1cc[nH]c(=O)n1)c1ccccc1;1;1
C=C(c1ccccc1)C(C#N)Nc1[nH]cnc1C(N)=O;1;7
NC(=O)CN(C=O)CC(=O)O;1;1
N#CC=CN(CCC(N)=O)C(C(N)=O)C(N)=O;1;0
N#CC(Cc1ccccc1)N(CC(=O)O)C(=N)NC(=N)N;1;2
NC(=O)COC(=O)CCNC(Cc1ccccc1)C(N)=O;1;11
N#CC=CN(CCC#N)C(C#N)Cc1ccccc1;1;0
COC(=O)CCNCC(N)=O;1;12
COC(=O)CC(NCCC(=O)O)C(=O)OC;1;16
N#CCN(CC(=O)O)C(=O)CNC(=S)CNC(N)=O;1;1
NC(=O)COC(=O)CCNCC(=O)O;1;11
N#CCN(CC(=O)O)C(=O)CNC(=S)CNC(=N)N;1;1
N#CCC(C#N)N=CC(O)CO;1;1
NC(=O)CNC(=S)c1nc[nH]c1NC(N)=O;1;1
NC(=O)Nc1ncnc(C(=O)O)c1NC(N)=O;1;5
NC(=O)C(N=CC(O)CO)C(N)=O;1;1
N#CCCN(CCC(=O)O)CC(=O)O;1;7
O=C(O)C=NC(Cc1ccccc1)C(=O)O;1;1
C=CC=NC(CC(N)=O)C(N)=O;1;1
N#CCN=CC(=CCO)c1ccccc1;1;1
N#CCNc1[nH]cnc1C(N)=O;1;9
N#CCN(CCc1ccccc1)C(=O)CN;1;34
N#CC=CN(CC(=O)O)C(C#N)Cc1ccccc1;1;0
NC(=S)C(N)Cc1ccccc1;1;2
NC(=S)C(O)CO;1;3
NC(=O)CN=CC(O)CO;1;1
N#CCCN(C(=O)CN)C(C#N)Cc1ccccc1;1;34
N#CCCNC(=S)CNC(N)=O;1;1
NC(=O)c1ncnc(NC=O)c1NC=O;1;2
NC(=O)C=CNCC(N)=O;1;0
N#CCN(CC#N)C(=O)CNC(=S)CNC(=N)N;1;1
N#CC(Cc1ccccc1)N(C=O)C(C(N)=O)C(N)=O;1;2
N#CCC(C#N)N=CCNC(=N)N;1;1
N=C(N)NCC(=O)N(CC(N)=O)CC(=O)O;1;0
C=C(C=Nc1ncnc2[nH]cnc12)c1ccccc1;1;1
N#CCN(C(=O)CNC(N)=O)c1[nH]cnc1C(N)=O;1;6
N#CCC(C#N)NC(=O)CN=CCNC(=N)N;1;1
N#CCNC(C#N)CC#N;1;13
N#CCCNC(=S)c1ncnc(N)c1N;1;5
NC(=O)C(NC=O)C(N)=O;1;0
N#CCC(C#N)NC(=O)CN=CCc1ccccc1;1;1
N=C(N)NC(=N)NCC=O;1;4
N#CCC(C#N)NC(=N)C(=N)NC(C#N)CC#N;1;0
N#CC(C#N)N=CC(O)CO;1;1
N#CCCN(CC#N)c1[nH]cnc1C#N;1;9
N#CCC(C#N)Nc1nc(N)nc(CNC(N)=O)n1;2;1
N#CCC(C#N)NC(=O)CN=CC(=O)O;1;1
NC(=S)CNC(=S)c1nc[nH]c1N;1;1
N#CC(Cc1ccccc1)N(C=O)CC(=O)O;1;3
N#CC=CN(CC#N)c1[nH]cnc1C(N)=O;1;0
NC(=O)C(C(N)=O)N(C=O)CCC(N)=S;1;0
NC(=O)CNC(=O)C(=O)NCC(N)=O;1;0
CC=C(C=NCC(=O)NCC(=O)O)c1ccccc1;1;1
NC(=O)CNC(=S)c1nc[nH]c1N;1;1
COC(=O)CC(NC(C#N)CC#N)C(=O)OC;1;18
O=c1nc(N=CC(O)CO)c2nc[nH]c2[nH]1;1;1
C=C(C=C(C=NCC#N)c1ccccc1)c1ccccc1;1;1
CC=C(C=Nc1nc(=O)[nH]c2[nH]cnc12)c1ccccc1;1;1
N#Cc1[nH]c(=O)[nH]c1N;1;15
N#CC(N)CNC(=N)N;1;12
N#CC=CN(CCC(N)=O)c1[nH]cnc1C(N)=O;1;0
N#CCCN(CC(=O)OC(CC(N)=O)C(N)=O)C(N)=O;1;5
NC(=O)CNC(=S)CNC(N)=O;1;0
N#CCCN(CC#N)C(=O)CNC(=O)CNC(=N)N;1;2
N#CC=CN(CC(=O)O)c1[nH]cnc1C(=O)O;1;0
N#CCNCCC(N)=O;1;15
N#CC(O)CC(N)=O;1;3
NC(=S)c1ncnc(N)c1N;1;7
NC(=O)CNCC(=O)O;1;13
N#CCCNC(=O)CNC(=N)NC(=N)N;2;1
CC=C(C=NC(C(N)=O)C(N)=O)c1ccccc1;1;1
CSCCC(N)=O;1;1
N#CC(Cc1ccccc1)N=CCNC(=N)N;1;1
N#CC(=N)Nc1[nH]cnc1Cc1ccccc1;1;0
N#CCc1nc[nH]c1N=CCc1ccccc1;1;1
C=CC=NC(C#N)CO;1;1
N#CCCN(CC#N)C(=O)CN=CCNC(=N)N;1;1
CC=C(C=NCCC#N)c1ccccc1;1;1
N#CCNC(=S)C(NC(N)=O)C(=S)NCC#N;1;1
CC(=S)NCCC(N)=O;1;0
COC(=O)CNC(N)=O;1;17
O=CNc1ncco1;1;4
NC(=O)CNC(=O)CNC(=S)c1nc[nH]c1N;1;1
O=CN(CC(=O)O)CC(=O)O;1;1
N#CCNCCc1ccccc1;1;16
C=C(C=NCC(=O)N(CC#N)CCC#N)c1ccccc1;1;1
N#CC=Cn1cnc(C#N)c1N(C=O)CCC#N;1;0
O=c1nc(N=CC(O)Cc2ccccc2)c2nc[nH]c2[nH]1;1;1
NC(=O)COC(=O)C(=O)OCC(N)=O;1;3
N#CCCN(CC(=O)O)C(=N)N;1;3
N#CCCN(CC#N)c1[nH]cnc1C(N)=O;1;8
O=c1nc(N=CCc2ccccc2)c2nc[nH]c2[nH]1;1;1
N#CC=Cn1cnc(C(N)=O)c1NC(N)=O;1;0
N#CCC(C#N)NC(=O)CNC(=S)CNC(=N)N;1;1
N#CC=CNCC(=O)NCC#N;2;0
N#CC=CNc1[nH]cnc1Cc1ccccc1;2;0
C=C(C=NCC(=O)NCC#N)c1ccccc1;1;1
CC(C#N)N=CC(O)Cc1ccccc1;1;1
N#CCCNC(=O)CNC(=O)CNC(=N)N;1;2
N#CCC(C#N)NC(=O)CNC(=O)CNC(=N)NC(=N)N;1;1
NC(=O)CN(C=O)CC(N)=O;1;1
NC1=NC(=O)NCC1;1;0
NC(=O)CCN=CC(=O)O;1;1
N#CC(N)C(=CCO)c1ccccc1;1;15
N#CCC(C#N)NC(=O)CN=CC(O)CO;1;1
N#CCCN(C=O)CC(=O)O;1;2
O=C(O)c1nc[nH]c1N=CC(O)C(O)CO;1;1
NC(=O)CCN=CC(=CCc1ccccc1)c1ccccc1;1;1
NC(=O)CN=CCc1ccccc1;1;1
N#CCCNC(=O)CNC(=O)CN;1;33
N#CC=CNCCC(=O)O;2;0
NC(=O)N(CCC(=O)O)CC(=O)O;1;4
N#CC(CO)Nc1[nH]cnc1C(=O)O;1;8
N#CC(Cc1ccccc1)NC(=O)CN=CC(O)CO;1;1
NC(=O)C(N=CC(=CCO)c1ccccc1)C(N)=O;1;1
N#CCCN(CC#N)C(=O)CN;1;33
NC(=O)C=CNC(CC(=O)O)C(=O)O;1;0
N#CCC(C#N)NC(=O)CNC(N)=O;2;1
NC(=S)CCNC(=S)c1nc[nH]c1N;1;1
NC(=O)CCNc1[nH]cnc1C(N)=O;2;7
C(Cc1ccccc1)=Nc1ncnc2[nH]cnc12;1;1
NC(=O)C(O)CO;1;4
N#CC=CN(CC#N)CC(=O)O;1;0
C=C(C=Nc1[nH]c(=O)[nH]c1C#N)c1ccccc1;1;1
N#CCCNCC(=O)N(CC#N)CCC#N;1;15
COC(=O)CC(NC(CC(N)=O)C(N)=O)C(=O)OC;1;16
CC(N)C#N;1;33
N#CC=CN(C(C#N)C#N)C(C#N)Cc1ccccc1;1;0
Nc1ncnc2[nH]cnc12;3;15
N#CCCN(CC#N)CCc1ccccc1;1;5
N#CCCNc1ncnc(C#N)c1NCCC#N;1;11
NC(=O)CCN=CC(O)Cc1ccccc1;1;1
O=CN(CCC(=O)O)c1[nH]cnc1C(=O)O;1;3
N#CCCN(CCC#N)c1[nH]cnc1C#N;1;9
N#CCN(CC#N)C(=N)C#N;1;0
COC(=O)C=CC(=O)OC;1;8
NC(=O)C(N=CC(=O)O)C(N)=O;1;1
N#CCCNc1[nH]c(=O)[nH]c1C#N;1;9
N=C(N)NCC(=O)N(CCc1ccccc1)CC(=O)O;1;1
N#CCC(C#N)N(CC#N)C(=O)CNC(N)=O;1;1
N#CCN=CC(=CCc1ccccc1)c1ccccc1;1;1
N#CCCNc1[nH]cnc1C(=O)O;2;9
N#CCNC(=S)CNC(N)=O;1;1
NC(=O)N(CC(=O)O)CC(N)=S;1;2
N#CCC(C#N)N=CC(O)C(O)CO;1;1
N=C(N)N(CCC(N)=S)CC(=O)O;1;2
CC(N)C(N)=S;1;1
N#CCN(C=O)c1[nH]cnc1C(N)=O;1;4
N#CCN(C=O)CCc1ccccc1;1;3
CC(N)C(N)=O;1;31
N#CCCN(C(=O)CNC(=N)N)c1[nH]cnc1C#N;1;4
N#CCN(CC(N)=O)C(=N)N;1;2
COC(=O)CCNCC(=O)N(CC#N)CC#N;1;14
N#Cc1ncnc(NC(=N)N)c1NC(=N)N;1;5
N#CC(Cc1ccccc1)NCCO;1;13
N=C(N)n1ccnc1;1;1
NC(=O)CNC(=O)CN=CC(O)C(O)CO;1;1
N#CCNC(=O)CNC(=S)CNC(N)=O;1;1
O=C(O)CNC(=S)CC(O)C(=S)NCC(=O)O;1;0
O=C(O)CO;3;2
N#CCCN(CCC#N)CC(=O)OCC(N)=O;1;6
NC(=O)N(CCC(N)=S)CC(N)=S;1;2
N#CCC(C#N)NC(=O)C(=O)NC(C#N)CC#N;1;4
Nc1ncnc(C(=S)NCC(=O)NCC(=O)O)c1N;1;4
N=C(N)N(CC(=O)O)CC(=O)O;3;0
N#CCCN(CC#N)c1c(C#N)ncn1C(=N)N;1;1
NC(=O)CN(CC(N)=O)C(=O)CNC(N)=O;1;0
N#CCCN(CCC#N)C(=O)CN;1;33
NC(=O)CCN=CC(O)CO;1;1
C=C(c1ccccc1)C(C#N)N=CC(O)CO;1;1
N#CCN(CC#N)C(=O)CNCCC(=O)OCC(N)=O;1;13
NC(=O)C(Cc1ccccc1)N=CC(O)C(O)CO;1;1
NC1=NC2OCC(O)C2O1;1;1
N#CCCN(CC(N)=O)C(=O)CNC(N)=O;1;1
NCC(=O)N(CC(=O)O)CC(=O)O;3;30
NC=O;1;4
CC(C#N)NC(=O)C(=O)NC(C)C#N;1;4
N#Cc1nc[nH]c1NC(=O)CNC(=N)NC(=N)N;1;2
N#CCCNc1ncnc(C(N)=O)c1NCCC#N;1;10
NC(=O)C(Cc1ccccc1)N=CC(O)Cc1ccccc1;1;1
Nc1[nH]cnc1C(=S)NCC(=O)O;1;1
N#CCN(C(=N)NC(=N)N)C(C#N)Cc1ccccc1;1;3
O=C(O)CCN(CCC(=O)O)c1[nH]cnc1C(=O)O;1;9
CC(C#N)NC(=N)C(=N)NC(C)C#N;1;0
N#CCCN(CC#N)C(=O)CN=CCO;1;1
N#CCc1nc[nH]c1N=CCO;1;1
N#CC(CO)NC(=N)C(=N)NC(C#N)CO;1;0
N#CCNC(=N)NC(=N)N;1;2
NC(=S)CN(C=O)c1[nH]cnc1C(N)=S;1;1
N#CCCN(C(N)=O)C(C#N)CC#N;1;1
N=C(N)NC(=N)NC(CC(=O)O)C(=O)O;1;1
N#CC(Cc1ccccc1)N=CC(=CCO)c1ccccc1;1;1
C=CC(=O)OC;1;8
CCNCC(=O)O;1;12
O=CC(=O)O;1;30
N#Cc1nc[nH]c1N=CC(O)C(O)CO;1;1
N#CCN(CC(=O)O)C(=O)CNC(=O)CN;1;31
N#Cc1[nH]c(=O)[nH]c1NC(=O)CNC(=N)N;1;2
N=C(N)NC(=N)NCCC(N)=O;1;1
NC(=O)CCN(CC(N)=O)CC(N)=O;1;1
COC(=O)CC(NCC(=O)N(CC#N)CC#N)C(=O)OC;1;18
N=CNc1ncnc2c1ncn2C(=N)N;1;1
N#CC(CO)N=CC(=O)O;1;1
CC=C(C=NC(C#N)C#N)c1ccccc1;1;1
NC(=O)CCN(C=O)CC(N)=O;1;1
N#CCNCC(=O)NC(C#N)Cc1ccccc1;1;16
N#CC=CNC(C#N)CC#N;2;0
N#CC(Cc1ccccc1)NC(=O)CNC(=N)N;2;3
N=C(N)N(CCC(N)=O)CC(N)=O;2;0
N#CCc1nc[nH]c1N=CC(O)Cc1ccccc1;1;1
NC(=O)CCNC(C(N)=O)C(N)=O;2;5
OCC(O)C(O)C=Nc1ncnc2[nH]cnc12;1;1
NC(=S)c1nc[nH]c1NCCc1ccccc1;1;4
N#CCNCC(=O)O;4;15
N#CCCNCC(N)=O;1;15
NCC(=O)NCCC(=O)O;1;31
N#CC(=N)N(CCC(=O)O)CC(=O)O;1;0
OCC(CO)(CO)CO;1;2
CC(O)C(N)=O;1;3
CC(O)C(N)=S;1;3
N#CCCNCC(N)=S;1;1
O=C(O)CNC(=S)C(O)Cc1ccccc1;1;1
N#CCN(CC#N)C(=O)CNC=CC(N)=O;1;0
NC1=NC(=O)N(CC(=O)O)C1;1;0
C=C(C=NC(Cc1ccccc1)C(N)=O)c1ccccc1;1;1
NC(=O)c1nc[nH]c1NCCC(N)=S;1;3
CC=NC(C#N)CO;1;1
N#CC=CN(CC#N)CCC#N;1;0
O=CN(CCC(=O)O)CC(=O)O;1;1
N#CCNC=CC(N)=O;1;0
NC(=O)COC(=O)CCNC(CC(=O)O)C(=O)O;1;10
N#CCCN(CC(=O)OCC(N)=O)C(=N)NC(=N)N;1;2
N#CCCNCCC(N)=S;1;1
NC(=S)CNc1[nH]cnc1C(N)=S;1;4
O=C(O)CN=CC(=CCO)c1ccccc1;1;1
N#CCCNC(=S)c1nc[nH]c1N;1;2
N=C(N)NC(=N)NCC(=O)N(CC(=O)O)CC(=O)O;1;1
CC(=S)NCC(=O)N(CCC#N)CC(=O)O;1;1
NC(=O)COC(=O)C=CC(=O)OCC(N)=O;1;4
N#Cc1ncnc(NC(N)=O)c1NC(N)=O;1;2
COC(=O)CN(CCC#N)C(=N)N;1;16
N#CCCNC(=O)CNC(=S)CO;1;1
NC(=O)CCN(C(N)=O)C(C(N)=O)C(N)=O;1;0
N#CCN(CC(N)=O)C(=O)CNC(=N)NC(=N)N;1;1
N=C(N)NCC(=O)NCC(=O)O;2;0
N#CCCNCC#N;4;15
N#CC(O)CCC(O)C#N;1;5
NC(=S)CCC(N)=S;2;3
N#CC(Cc1ccccc1)NC=CC(N)=O;1;1
NC(=O)NCC(=O)Nc1cc[nH]c(=O)n1;1;3
NC1=NC2OC(Cc3ccccc3)C(O)C2O1;1;2
Nc1nc2[nH]cnc2c(=O)[nH]1;1;15
N#CCNC(=O)CNC(=N)N;2;2
N#CCC(C#N)N=CC(=CCc1ccccc1)c1ccccc1;1;1
O=C(O)CCN=CCO;1;1
NC(=O)C=CNCC(=O)NCC(N)=O;1;0
N#CCCNCCO;1;14
N#CCC(C#N)N=C(N)C(=N)NC(C#N)CC#N;1;0
NC(=O)C(NC(Cc1ccccc1)C(N)=S)C(N)=O;1;1
OCC(O)C(O)C=Nc1[nH]cnc1Cc1ccccc1;1;1
N#CCc1nc[nH]c1NC(=O)CNC(=N)N;1;3
NC=NC(C(N)=O)C(N)=O;1;0
N#CCCNc1nc(N)nc(CNC(N)=O)n1;2;1
N#CC=CNC(C#N)C(=CCc1ccccc1)c1ccccc1;2;0
N#CC(C#N)N=CC(O)Cc1ccccc1;1;1
N#CC(CO)NCC(N)=O;1;12
N#CCCN(C(C#N)C#N)C(C#N)Cc1ccccc1;1;8
N#CCCN(CC(=O)OCC(N)=O)C(N)=O;1;5
N=C(N)NC(=N)NCC(=O)NC(CC(N)=O)C(N)=O;1;1
NC(=O)Nc1ncco1;1;2
N#CCCNC(Cc1ccccc1)C(=O)O;1;14
O=CC(O)C(O)C(O)C(O)CO;1;12
CC=Nc1[nH]cnc1CC#N;1;1
NC(=S)CNC(=S)CO;1;0
N=CNC(Cc1ccccc1)C(=O)O;2;1
C=CC(O)C#N;1;4
NC(=O)N(CCC(N)=S)c1[nH]cnc1C(N)=S;1;3
NC(=O)NCC(=O)O;3;4
N=C(NCC(N)=O)C(=N)NCC(N)=O;1;0
O=C(O)CNC(=O)CN=CC(O)Cc1ccccc1;1;1
N#CCN(CC#N)C(=O)CNC(=S)c1nc[nH]c1N;1;2
O=CNC(Cc1ccccc1)C(=O)O;1;2
N=C(N)NCC(=O)OC(CC(N)=O)C(N)=O;1;1
Nc1[nH]cnc1C(=CCc1ccccc1)c1ccccc1;2;13
NC(=S)CNc1ncnc2[nH]cnc12;1;4
OC(C=Nc1ncco1)Cc1ccccc1;1;1
COC(=O)CCNC(CC(N)=O)C(N)=O;1;18
O=C(O)c1nc[nH]c1N=CC(O)CO;1;1
C=C(c1ccccc1)C(C#N)NC(C#N)CC#N;1;9
N#CCCN(C(=O)CNC(=N)N)C(C#N)CC#N;1;3
N#CC(N)=C(C#N)NC(N)=O;1;3
CC=Nc1[nH]cnc1Cc1ccccc1;1;1
CC=C(C=NCC(=O)N(CC#N)CCC#N)c1ccccc1;1;1
NC(=O)C=CNCCC(=O)O;1;0
O=C(O)C=Nc1[nH]cnc1Cc1ccccc1;1;1
Nc1nc(N)nc(-c2nc(N)nc(N)n2)n1;2;17
N#Cc1nc[nH]c1N(C=O)CCc1ccccc1;1;4
N#CC(C#N)N=CC(=O)O;1;1
O=C(O)c1nc[nH]c1NCCc1ccccc1;2;6
N#CC(CO)NC(=N)NC(=N)N;1;2
N#CCc1nc[nH]c1N=CCNC(=N)N;1;1
N#CCC(C#N)NC(=O)CNC(=S)CNC(N)=O;1;1
N#Cc1[nH]c(=O)[nH]c1NC(N)=O;1;5
N=C(N)NCC=Nc1ncnc2[nH]cnc12;1;1
CSCCC=O;1;20
O=C(CO)Cc1ccccc1;1;22
NC(=O)CCN=CC(=CCO)c1ccccc1;1;1
O=C(O)CNC(=S)CCC(=S)NCC(=O)O;1;0
N#CCNC(Cc1ccccc1)C(=O)O;1;14
N#CCCNC(=O)CNC(=N)N;2;2
N=C(N)NCC(=O)NCCC(=O)O;1;0
N=C(N)NC(=N)NCC(=O)N(CC(N)=O)CC(N)=O;1;1
C=C(C=NC(C#N)C(=C)c1ccccc1)c1ccccc1;1;1
N=C(N)NC(C=O)CC=O;1;15
N#CCNC(=O)CNC(N)=O;2;1
CC=Nc1[nH]c(=O)[nH]c1C#N;1;1
N=C(N)NC(=N)N(CC=O)CC=O;1;4
O=C(O)C(Cc1ccccc1)N=CCO;1;1
O=CCCN(CC=O)CC=O;1;20
N#Cc1nc[nH]c1NC(C#N)Cc1ccccc1;1;9
N#CCc1nc[nH]c1NC(=O)C(=O)Nc1[nH]cnc1CC#N;1;8
NC(=O)CO;1;3
NCC(=O)NC(CC(N)=O)C(N)=O;2;29
O=C(O)CN=CC(O)C(O)CO;1;1
N=C(NCCC(=O)O)C(=N)NCCC(=O)O;1;0
N#Cc1nc[nH]c1N=CC(O)Cc1ccccc1;1;1
N#CCNC(=S)CCC(=S)NCC#N;1;1
N#CC(N)=Nc1[nH]cnc1C(N)=O;1;0
CCNCCC#N;1;15
NC(=O)CNc1[nH]cnc1C(N)=O;2;7
N#CCCNC(=O)CN=CC(O)Cc1ccccc1;1;1
N=C(N)NC(=N)N(CC(N)=O)CC(N)=O;1;1
COC(=O)CCNCCC(=O)O;1;12
NC(=O)NCCC(=O)O;1;4
CC(=S)NCC(=O)NC(C#N)CC#N;1;1
NC(=O)c1nc[nH]c1N=CC(=O)O;1;1
N#CC=Cn1cnc(C#N)c1N(C=O)CC#N;1;0
N#CC(C#N)N=CC(=CCO)c1ccccc1;1;1
N=C(N)NC(=N)N(CCC(N)=O)CC(=O)O;1;1
N#CC(CO)NC=O;1;3
CC(C#N)NC(C#N)C#N;1;6
NC(=O)C(O)Cc1ccccc1;1;4
N=C(N)N(CC(=O)O)CC(N)=S;1;2
N#CC=Cn1cnc(C(=O)O)c1NC=O;1;0
NC(=O)CN=CC(O)Cc1ccccc1;1;1
C=C(c1ccccc1)C(C#N)N=CC;1;1
N#CC(CO)NC(=O)CN;1;31
NC(=O)COC(=O)CCC(=O)OCC(N)=O;2;3
N#CCC(C#N)N=CCO;1;1
N#CCCNC(=O)CNC(=S)c1nc[nH]c1NC(N)=O;1;2
NC(=O)CCN(C=O)c1[nH]cnc1C(N)=O;1;3
N#CCCN(C(=O)CNC(N)=O)C(C(N)=O)C(N)=O;1;1
N#CCCN(CCC#N)C(C#N)(C#N)CCC=O;1;17
N#CCN(CC(=O)OCC(N)=O)C(=N)N;1;3
NC(=S)c1nc[nH]c1N;1;4
N#CCCNC(C(N)=O)C(N)=O;1;7
N#CC=CNC(C#N)C#N;2;0
NC(=S)CCNC=O;1;0
CC(=S)NCC(=O)NCC#N;1;1
N#CCC(C#N)N(C=O)CC#N;1;2
C=Cc1nc(N)nc(NC(C#N)Cc2ccccc2)n1;2;4
N#CCCNCC(=O)NC(C#N)Cc1ccccc1;1;16
C=CC=NCC(=O)N(CC#N)CC#N;1;1
N#CCNc1[nH]c(=O)[nH]c1C#N;1;9
NC(=O)CCN(CC(N)=O)c1[nH]cnc1C(N)=O;1;6
NC(=O)CC(NC(N)=O)C(N)=O;1;0
N#CC=CNC(C(N)=O)C(N)=O;2;0
C=CC=NC(C#N)C#N;1;1
O=C(Nc1ncco1)C(=O)Nc1ncco1;1;4
CC(=O)C=O;1;21
NC(=S)Cc1nc[nH]c1N;1;4
N#CC=CNCCC#N;2;0
N#CCCNC(=O)CN=CC(=CCO)c1ccccc1;1;1
NC(=O)NCC(=O)OC(Cc1ccccc1)C(N)=O;1;5
N#CCNCCO;1;14
N#CCCN(CC#N)CC(N)=O;1;3
N#CCCN(CC(=O)O)C(C#N)Cc1ccccc1;1;8
COC(=O)CC(NCC(=O)NCC(=O)O)C(=O)OC;1;16
O=C(O)c1nc[nH]c1N=CCc1ccccc1;1;1
O=C(O)CN=CC(O)Cc1ccccc1;1;1
N#CCC(C#N)NC(C#N)CO;1;12
N#CC(N)C(=CCc1ccccc1)c1ccccc1;1;14
N#CC(N)=C(C#N)NC(C#N)Cc1ccccc1;1;3
N#CCCNC(=S)CC(O)C(=S)NCCC#N;1;1
C#N;0;17
C#C;1;1
N#CCN(C=O)CC#N;1;2
O=CCO;3;28
COC(=O)CC(NCCC#N)C(=O)OC;1;18
NCC(=O)NCC(=O)O;1;31
N#CC(Cc1ccccc1)NC(=O)CNC(N)=O;2;2
N=CNc1c(C(=O)O)ncn1C(=N)N;1;1
NC(=O)NC(Cc1ccccc1)C(N)=S;1;3
NC(=O)NC(Cc1ccccc1)C(N)=O;1;1
C=CC=NCC(=O)N(CC#N)CCC#N;1;1
N#CC(=N)Nc1[nH]c(=O)[nH]c1C#N;1;0
O=C(O)CC(N=CC(=CCO)c1ccccc1)C(=O)O;1;1
NC(=O)NCCC(N)=S;1;2
N#CCNC(=S)c1nc[nH]c1N;1;2
N#CCNC(=O)CN=CCc1ccccc1;1;1
N=C(N)NCC=NCC(=O)NCC(N)=O;1;1
N#CCCN(CC(=O)OC(CC(N)=O)C(N)=O)C(=N)N;1;3
NC(=O)NCC(=O)NC(Cc1ccccc1)C(=O)O;1;5
NC(=S)CCNc1ncnc2[nH]cnc12;1;4
COC(=O)CCNC(Cc1ccccc1)C(N)=O;1;19
N=C(N)NCC=NCC(=O)O;1;1
NC(=O)C(Cc1ccccc1)NCC(=O)O;1;12
N#CCNC(=O)CNC(=S)CNC(=N)N;1;1
NC(=O)CCN(CCC(N)=O)CC(=O)O;1;5
N=C(N)NCCC(=O)O;2;0
O=C(O)CNc1ncnc2[nH]cnc12;1;6
NC(=O)C=CNCC(=O)NCC(=O)O;1;0
N#CCCN(C(N)=O)c1[nH]cnc1C(N)=O;1;6
N#CCCN(CC#N)C(=N)N;1;4
N=CNc1c(C(N)=O)ncn1C(=N)N;1;1
N#CC=CN(CCC#N)C(C#N)CC#N;1;0
NC1=NC(=O)NC1Cc1ccccc1;1;1
N#CCCN1CC(=O)NC1=O;1;1
N#CC=Cn1cnc(C#N)c1N(CC#N)CCC#N;1;2
C=C(C=Nc1[nH]cnc1C#N)c1ccccc1;1;1
COC(=O)CCNCC(=O)NC(C#N)Cc1ccccc1;1;15
N=C(N)NC(=N)Nc1ncco1;1;4
N#CCCN(CCC#N)C(C#N)Cc1ccccc1;1;5
N#CCCN(CCC#N)C(C#N)=C(N)C#N;1;3
CC=NCC(N)=O;1;1
N#CCN(CC#N)C(=O)CNC(=O)CNC(=N)NC(=N)N;1;1
CCNC(C#N)CC#N;1;13
COC(=O)CN(CCC#N)C(N)=O;1;18
N#CC=CNCC(=O)N(CC#N)CC#N;2;0
N#CCc1nc[nH]c1N=CC(=CCO)c1ccccc1;1;1
N=C(N)NC(=N)NCC(=O)Nc1nc(=O)[nH]c2[nH]cnc12;1;2
C=CC=Nc1[nH]cnc1C#N;1;1
N#CC=Cn1cnc(C(N)=O)c1NC=O;1;0
N#CC=CN(CCC(N)=O)CC(=O)O;1;0
NCCC(=O)O;2;30
COC(=O)CN(CC#N)C(N)=O;1;18
N#CCCN(CC#N)CC#N;1;4
N#CCNCC(=O)NC(C#N)CC#N;1;15
NC(=O)N(CCc1ccccc1)CC(=O)O;1;5
NC(=O)COC(=O)CNC(N)=O;1;4
CC=C(C=NCCC(=O)O)c1ccccc1;1;1
NC(=O)C=CNCC(=O)O;1;0
CC=Nc1cc[nH]c(=O)n1;1;1
N=C(N)NCC(=O)N(CC(=O)O)CC(=O)O;1;0
O=C(O)CCNC(=S)CCC(=S)NCCC(=O)O;1;0
N#CC(O)CO;1;6
N#CCCNC(=O)CN=CC(=O)O;1;1
N#CCC(C#N)NC(=N)NC(=N)N;1;2
O=C(O)CCNCC(=O)O;5;12
CC(=S)NCC(=O)O;1;0
C=CC=Nc1[nH]cnc1Cc1ccccc1;1;1
N#CCn1c(=O)nc(N)c2nc[nH]c21;1;17
O=CCCN(CC=O)c1[nH]cnc1C=O;1;16
C=CC=NCC(=O)NCC#N;1;1
N#CCCNC(C#N)C#N;1;7
N#CCN(CC#N)C(=O)CNC(=N)NC(=N)N;2;1
Nc1ncnc(C(=S)NCC(=O)O)c1N;1;4
N#CCCC#N;2;4
N#CCc1nc[nH]c1NC(=N)C(=N)Nc1[nH]cnc1CC#N;1;4
N#CCCN(CC#N)CC(=O)OCC(N)=O;1;6
NC(=O)CCNC(Cc1ccccc1)C(N)=O;1;12
N#CC(C#N)N=CC(O)C(O)CO;1;1
N#CCCN(CC(N)=O)C(=O)CNC(=N)N;1;2
O=C(O)C=NCC(=O)O;1;1
N=C(N)NCC(=S)NCC(=O)NCC(N)=O;1;0
O=C(O)C(Cc1ccccc1)N=CCc1ccccc1;1;1
N#CC=CN(CC#N)C(C#N)Cc1ccccc1;1;0
N#CCCN(C(=O)CN)C(C#N)CC#N;1;33
N#CC=CN(CCC(=O)O)CC(=O)O;1;0
N#CCN(CC#N)C(=O)CN=CC(O)C(O)CO;1;1
COC(=O)CC(NC(CC(=O)O)C(=O)O)C(=O)OC;1;16
N#CC=CNCC(=O)NCC(=O)O;2;0
Cc1nc[nH]c1N;2;13
N#CCCNC(C#N)Cc1ccccc1;2;14
NC(=O)CNC(=O)CN=CC(O)Cc1ccccc1;1;1
N#CCCNC(=O)CN=CC(O)CO;1;1
N=C(N)NC(=N)NCC(=O)Nc1[nH]cnc1C(=O)O;1;2
N#CCN(C(N)=O)c1[nH]cnc1C(=O)O;1;10
N=CNC(CC(N)=O)C(N)=O;2;0
N#CC=CNc1ncco1;2;1
NC=CC(N)=O;1;0
O=C(O)C(=O)O;2;4
O=CC(O)Cc1ccccc1;2;28
NC(=O)NCc1nc(N)nc(NCC(=O)O)n1;2;0
NC(=O)C(Cc1ccccc1)N=CC(O)CO;1;1
N=C(N)NCC=NC(CC(=O)O)C(=O)O;1;1
O=C(O)c1nc[nH]c1N=CC(O)Cc1ccccc1;1;1
C=C(C=NCCC#N)c1ccccc1;1;1
N#CC=CNCC#N;2;0
NC(=O)CC(NC(=O)CNC(N)=O)C(N)=O;1;0
N#CCN(CCc1ccccc1)C(=N)NC(=N)N;1;3
N=CNc1[nH]cnc1Cc1ccccc1;2;4
N#CCNC(C#N)C(=CCc1ccccc1)c1ccccc1;2;9
O=C(O)C(Cc1ccccc1)N=CC(O)C(O)CO;1;1
C=CC=Nc1[nH]c(=O)[nH]c1C#N;1;1
N#CC(N)C(=O)O;1;14
CC=Nc1ncco1;1;1
N#CCN=CC(=O)O;1;1
N#CCC(C#N)N(CC#N)C(=N)N;1;4
NC(=O)CCN(CC(N)=O)C(=O)CNC(N)=O;1;0
NC(=O)Nc1[nH]cnc1C(=O)O;1;9
N#CCCN(CC(=O)O)C(=N)C#N;1;0
O=CN(CCc1ccccc1)CC(=O)O;1;2
N#CC(C#N)NC(C#N)CO;1;6
N#CC(CO)NC(=N)N;1;4
O=CCc1ccccc1;2;23
N#Cc1nc[nH]c1N(CCc1ccccc1)C(N)=O;1;6
O=CNc1cc[nH]c(=O)n1;1;4
CC=NC(C#N)Cc1ccccc1;1;1
C=C(c1ccccc1)C(C#N)NC(C#N)C#N;1;6
COC(=O)C(O)Cc1ccccc1;1;19
N#CN;1;19
N=C(N)NC(=N)NCC(=O)Nc1cc[nH]c(=O)n1;1;2
N#CCNC(=O)CN=CCNC(=N)N;1;1
N=C(N)NCC(=O)NCC(=O)NCC(=O)O;1;0
O=C(O)C=CC(=O)O;4;6
C=CC=Nc1[nH]cnc1C(=O)O;1;1
NC(=O)C(Cc1ccccc1)NC(C(N)=O)C(N)=O;2;4
NCC(=O)NCC(N)=O;2;29
CC=NCC(=O)O;1;1
N=CNC(CC(=O)O)C(=O)O;2;0
N#CCCN(C(=O)CNC(N)=O)c1[nH]cnc1C(N)=O;1;6
NC(=O)CNc1nc(N)nc(CNC(N)=O)n1;2;0
NCC(=O)NCC(N)=S;1;3
N=C(N)NCC(=O)Nc1cc[nH]c(=O)n1;1;2
N=C(N)N(CCC(N)=O)CC(=O)O;2;0
N#CCCN=CC(=CCc1ccccc1)c1ccccc1;1;1
NCC(=O)O;10;32
N#CCN=CC(O)Cc1ccccc1;1;1
OCC(O)c1cnc[nH]1;1;6
N#CC(Cc1ccccc1)NC(=N)N;1;5
N=C(N)NC(=N)NC(C=O)Cc1ccccc1;1;5
NCC(=O)S;1;1
N#CC(CO)NC(=O)C(=O)NC(C#N)CO;1;6
CC=C(C=Nc1[nH]cnc1C(=O)O)c1ccccc1;1;1
COC(=O)CN(CCC#N)CCC#N;1;19
N#CCCN=CC(=O)O;1;1
N#CCN(C=O)C(C#N)Cc1ccccc1;1;3
NC(=O)CN=CCO;1;1
C=Cc1nc(N)nc(NC(C#N)CC#N)n1;2;3
O=c1nc(N=CC(O)C(O)CO)c2nc[nH]c2[nH]1;1;1
COC(=O)CCNCCC(N)=O;1;12
O=C1NC(Cc2ccccc2)C(=O)O1;1;12
N=C=O;1;18
N#CC(Cc1ccccc1)NC(=O)CNC(=O)CN;1;33
N=C(N)NCC(=O)NCCC(N)=O;1;0
N=C=S;1;1
NC(=O)CN(C(=O)CNC(N)=O)c1[nH]cnc1C(N)=O;1;5
C(Cc1ccccc1)=Nc1ncco1;1;1
C=C(c1ccccc1)C(C#N)NC(C(N)=O)C(N)=O;1;5
N#CCNC(=S)C(O)Cc1ccccc1;1;2
NC(=S)CN(C=O)CC(=O)O;1;0
C=C(C=C(C=NC(C)C#N)c1ccccc1)c1ccccc1;1;1
N#CCCN(C(N)=O)C(C#N)C#N;1;4
O=C(O)CCNc1[nH]cnc1C(=O)O;3;6
NC(=O)CNC(=S)C(O)Cc1ccccc1;1;1
N#CCCN(CC(=O)O)C(=O)CNC(N)=O;2;5
NC(=O)CC(N=CC(O)CO)C(N)=O;1;1
COC(=O)CCNCC(=O)NC(C#N)CC#N;1;14
N#CCNC(=O)CNC(=O)CNC(=N)NC(=N)N;1;1
N#CC(CO)N=CCO;1;1
N=C(N)NCC(=S)NCCC(=O)O;1;0
CC=NCC(=O)N(CC#N)CC(=O)O;1;1
NCC(=O)NC(Cc1ccccc1)C(N)=S;1;4
N#CCCN(CC#N)C(=O)CNC(=N)N;2;3
NCC(=O)NC(Cc1ccccc1)C(N)=O;2;30
N#CCCN(C(=O)CNC(=N)N)C(C(N)=O)C(N)=O;1;2
CC=C(C=Nc1[nH]cnc1CC#N)c1ccccc1;1;1
N#CCCNC(=O)CN;1;33
N#CCNCC(=O)NCC#N;1;15
CC(=S)NCC#N;1;1
O=CC(=CC(O)Cc1ccccc1)c1ccccc1;1;24
CC(C#N)Nc1[nH]cnc1C(N)=O;1;8
N#CC=CN(CCC(=O)O)c1[nH]cnc1C(=O)O;1;0
O=C(O)CNC(=O)CNC(=S)CO;1;0
NC(=S)CCN(C=O)CC(=O)O;1;0
CC(=S)NCC(=O)N(CC#N)CC#N;1;1
NC(=O)CC(N=CC(O)C(O)CO)C(N)=O;1;1
N=C(N)NC(=N)N(CC(=O)O)CC(=O)O;1;1
CC=NCC(=O)NCC(=O)O;1;1
Nc1[nH]cnc1CC(=O)O;1;13
N#CCCN(C=O)c1[nH]cnc1C#N;1;4
NC(=O)Nc1[nH]cnc1Cc1ccccc1;1;5
N#CCN(C(=O)CNC(N)=O)c1[nH]cnc1C#N;1;6
CC(O)C#N;1;5
C=C(C=NC(Cc1ccccc1)C(=O)O)c1ccccc1;1;1
CC(=S)NCC(=O)NC(C#N)Cc1ccccc1;1;2
NC(=O)CCNc1ncnc(C(N)=O)c1NCCC(N)=O;1;8
N#CC(=N)Nc1[nH]cnc1C#N;2;0
C=C(c1ccccc1)C(N)C(=O)O;1;14
CCNCC(N)=O;1;13
CC(C#N)N=CC(O)CO;1;1
N#CCc1nc[nH]c1NC(=O)CNC(N)=O;1;6
N=C(N)NCC(=O)O;4;0
N#CCN(CC#N)C(=O)CN=CC(O)Cc1ccccc1;1;1
CC=NCC(=O)N(CC#N)CCC#N;1;1
N#CCNC(=O)C(=O)NCC#N;1;4
NC(=O)CN(CC(=O)O)C(=O)CNC(N)=O;1;4
C=C(C=C(C=NCCC#N)c1ccccc1)c1ccccc1;1;1
N#CCCN(CC#N)C(=O)CNC(=O)CNC(N)=O;1;1
CC=NC(CC(N)=O)C(N)=O;1;1
Nc1cc[nH]c(=O)n1;1;15
NC(=O)CCNC(CC(N)=O)C(N)=O;1;11
NC(=O)NCC(=O)N(CC(=O)O)c1[nH]cnc1C(=O)O;1;9
N=C(N)NCC=NCC(=O)NCC(=O)O;1;1
N#CCC(C#N)NC(N)=O;1;1
N#CCNc1nc(N)nc(CNC(N)=O)n1;2;1
NCC(=O)N(CC(=O)O)CC(N)=S;1;3
C=C(c1ccccc1)C(C#N)N=CCc1ccccc1;1;1
CC(=S)NCC(=O)NCC(=O)O;1;0
NC(=S)C(N)C(N)=S;1;0
NC(=O)CCNC(=O)C(=O)NCCC(N)=O;1;0
N=C(N)NCC=NC(C(N)=O)C(N)=O;1;1
CC=C(C=NC(C#N)CC#N)c1ccccc1;1;1
O=CNC(CC(=O)O)C(=O)O;1;1
NC(=S)CCN(CC(=O)O)CC(N)=S;1;2
N#CCCN(CC(=O)O)C(=O)CNC(=O)CNC(=N)N;1;2
N#CCCN(C(=O)CNC(=N)N)C(C#N)Cc1ccccc1;1;4
N#CCCNCCC(=O)O;1;15
N#CC=CNCC(=O)NCCC#N;2;0
N=C(N)NCC=NCCC(N)=O;1;1
N#CCCN(CC#N)C(=O)CN=CC(O)C(O)CO;1;1
O=C(O)C=NCC(=O)NCC(=O)O;1;1
N#CC(N)CCC(N)C#N;1;33
N#CCN(CC#N)C(=O)CNC(N)=O;2;1
NC(=O)CCNC(=S)CCC(=S)NCCC(N)=O;1;0
NC(=S)CC(O)C(N)=S;1;3
C=C(C=NCC(=O)NCCC#N)c1ccccc1;1;1
C(Cc1ccccc1)=Nc1[nH]cnc1Cc1ccccc1;1;1
CC=C(C=NC(CC(N)=O)C(N)=O)c1ccccc1;1;1
N#CCCN(CC#N)C(=O)CN=CCc1ccccc1;1;1
O=C(O)CCN=CC(=CCO)c1ccccc1;1;1
N#CC=CN(CCC#N)c1[nH]cnc1C(N)=O;1;0
O=CNc1nc(=O)[nH]c2[nH]cnc12;1;3
N#CCCN(CC#N)C(=O)CNC(=O)CN;1;31
O=CNc1ncnc2[nH]cnc12;1;4
N#CC(=N)N(CCC(N)=O)CC(=O)O;1;0
NC(=O)Nc1[nH]cnc1C(=S)NCCC(=O)O;1;1
CC(C#N)NC(=N)NC(=N)N;1;2
N#CC=CNCCC(N)=O;2;0
NC(=O)CC(N=CC(=CCO)c1ccccc1)C(N)=O;1;1
NC(=O)CC(OC(=O)CNC(N)=O)C(N)=O;1;4
O=C(Nc1cc[nH]c(=O)n1)C(=O)Nc1cc[nH]c(=O)n1;1;3
N#CCCNC(N)=O;1;1
C=C(C=NC(C#N)C#N)c1ccccc1;1;1
NCC(=O)N(CCC(N)=S)CC(=O)O;1;3
CC=NCC(=O)NCC(N)=O;1;1
NC(=O)CCNCC(N)=O;2;13
N#CCNc1cc[nH]c(=O)n1;1;10
N#CCN(CC(=O)O)c1nc(N)nc(CNC(N)=O)n1;2;17
N#CCCN(CCC(=O)O)c1[nH]cnc1C(=O)O;1;12
C=CC=Nc1nc(=O)[nH]c2[nH]cnc12;1;1
NC(=S)C(N)CO;1;1
COC(=O)CCNCC(=O)NCCC#N;1;14
N#CCC(C#N)N(CC#N)C(=N)NC(=N)N;1;2
NC(=O)CC(OC(=O)c1nc[nH]c1NC(N)=O)C(N)=O;1;9
C=C(c1ccccc1)C(C#N)N=CC(=O)O;1;1
N#CC(Cc1ccccc1)NC(=O)CNC=CC(N)=O;1;1
Nc1ncc(Cc2ccccc2)o1;1;16
N#CCNC(=O)CNC(=S)c1ncnc(N)c1N;1;5
N#CCN(CC#N)C(=O)CNC(=O)CNC(N)=O;1;1
OC1COC(O)C1O;1;3
C=CC(=O)OC(CC(N)=O)C(N)=O;1;8
N#Cc1nc[nH]c1NC=CC(N)=O;1;1
NC(=S)CCN(C=O)c1[nH]cnc1C(N)=S;1;1
N#CC=CN(CC(=O)O)CC(=O)O;1;0
C=C(C=C(C=NCC(=O)O)c1ccccc1)c1ccccc1;1;1
N#CC=CNCC(=O)N(CC#N)CCC#N;2;0
N#CC(CO)Nc1ncnc2[nH]cnc12;1;9
N#CCCN(C(=O)CNC(N)=O)c1[nH]cnc1C(=O)O;1;10
N#CCC(C#N)NC(=O)CN=CC(O)C(O)CO;1;1
CC=C(C=NCC(=O)NCC#N)c1ccccc1;1;1
C=C(c1ccccc1)C(C#N)NC(=O)CN;1;34
N#CCCNC(C#N)=C(N)C#N;1;3
N#N;0;1
O=C(O)c1nc[nH]c1NCCO;1;6
CC=NC(C)C#N;1;1
NC(Cc1ccccc1)C(=O)O;2;33
COC(=O)CC(NCC(=O)NCC#N)C(=O)OC;1;18
N#CCN(CC(=O)OC(CC(N)=O)C(N)=O)C(=N)N;1;3
CC(=S)NCC(N)=O;1;0
N#CCc1nc[nH]c1NC(=O)CNC(=N)NC(=N)N;1;2
NC(=O)Nc1cc[nH]c(=O)n1;1;3
NC(=O)N(CCC(=O)O)c1[nH]cnc1C(=O)O;1;9
N#CCCN(CCc1ccccc1)c1[nH]cnc1C#N;1;9
NC(=O)NCC(=O)Nc1ncco1;1;2
NC(=O)c1nc[nH]c1N=CCO;1;1
N#CC(O)C(O)Cc1ccccc1;1;7
C=Cc1nc(N)nc(NCC(=O)O)n1;2;1
N#CC(Cc1ccccc1)NC(C(N)=O)C(N)=O;1;6
N=C(N)NC(Cc1ccccc1)C(=O)O;2;1
C=CC=NCC(=O)NC(C#N)Cc1ccccc1;1;1
N#CCCNC(=O)CNC(=O)CNC(N)=O;1;1
CC(C#N)N=CC(O)C(O)CO;1;1
NC(=O)CC(NC=O)C(N)=O;1;1
NC(=O)CCN(C(N)=O)c1[nH]cnc1C(N)=O;1;5
N#CCN(CC(=O)O)C(=O)CNC(=S)c1nc[nH]c1N;1;2
N=C(N)NCC(=O)Nc1[nH]cnc1C(=O)O;1;1
N#CCN(C(=O)CNC(=N)N)C(C#N)Cc1ccccc1;1;4
N#CC(Cc1ccccc1)N=CCO;1;1
N#CC(C#N)N=CCO;1;1
CC(O)C=O;1;27
NC(=O)NC(Cc1ccccc1)C(=O)O;1;5
CC(C#N)NC(C#N)CC#N;1;13
N#CC(O)C(=CCc1ccccc1)c1ccccc1;1;3
CC=Nc1nc(=O)[nH]c2[nH]cnc12;1;1
NC(=O)NCC(=O)N(CCC(=O)O)c1[nH]cnc1C(=O)O;1;9
NC(=O)N(CC(=O)O)c1[nH]cnc1C(=O)O;1;9
C=CC=NCC(=O)N(CCC#N)CC(=O)O;1;1
COC(=O)CCNCC(=O)N(CCC#N)CC(=O)O;1;14
C=C(c1ccccc1)C(O)C(=O)O;1;4
N#CCN(CC(=O)OCC(N)=O)C(N)=O;1;5
CC=NC(C#N)C#N;1;1
CC(C#N)N=CC(=CCc1ccccc1)c1ccccc1;1;1
N#CC(CO)N=CC(=CCc1ccccc1)c1ccccc1;1;1
C=C(C=Nc1[nH]cnc1C(=O)O)c1ccccc1;1;1
NC(=O)C=CC(N)=O;1;1
N=C(N)Nc1ncnc(C(N)=O)c1NC(=N)N;2;1
N#CC=CNCC(N)=O;2;0
NC(=O)c1[nH]c(=O)[nH]c1N;1;13
OC1OCC=C1c1ccccc1;1;0
Nc1ncnc(C(=S)NCCC(=O)O)c1N;1;4
NC(=O)CNC(=S)CC(O)C(=S)NCC(N)=O;1;0
c1ccc(CCNc2ncnc3[nH]cnc23)cc1;1;6
N#CCCN(CC(N)=O)CC(=O)O;1;7
N#CCN(CC(=O)O)C(=O)CNC(=O)CNC(N)=O;1;5
N#CC(C#N)N1CCC(N)=NC1=O;1;3
O=C(O)C=Nc1[nH]cnc1C(=O)O;1;1
N=C(NCC(=O)O)C(=N)NCC(=O)O;1;0
N#CC(=N)Nc1[nH]cnc1C(=O)O;1;0
O=C(O)CN=CC(=CCc1ccccc1)c1ccccc1;1;1
O=C(O)CC(=O)C(=O)O;1;10
CC=Nc1[nH]cnc1C(=O)O;1;1
NC(=O)NC(CC(N)=S)C(N)=S;1;2
NC(=O)C=CNC(CC(N)=O)C(N)=O;1;0
O=C=S;1;2
N#CC=CN(CCc1ccccc1)c1[nH]cnc1C#N;1;0
N#CC=CNc1cc[nH]c(=O)n1;2;0
CCNc1[nH]cnc1C#N;1;10
NCC(=O)N(CCC(N)=S)CC(N)=S;1;2
NC(=O)CCN(CC(=O)O)C(N)=O;1;4
N#CCN(CC(=O)O)C(=O)CN=CCc1ccccc1;1;1
NC(=O)CCN=CC(O)C(O)CO;1;1
N#CCCN(C(N)=O)c1[nH]cnc1C#N;1;6
N#CC=Cn1cnc(C#N)c1N(CC#N)C(N)=O;1;0
NC(=O)CNC(=O)CNC(=S)c1ncnc(N)c1N;1;4
N=C(N)NC(Cc1ccccc1)C(N)=O;2;1
N=C(N)NC(=N)NCCC=O;1;4
NC(=O)CNC(=O)CNC(=S)CO;1;0
O=C(O)C(Cc1ccccc1)N=CC(O)Cc1ccccc1;1;1
NC(=O)Nc1ncnc2[nH]cnc12;1;6
NC(=O)NCC(=S)NCC(=O)O;1;0
N=C(N)NCC(=O)N(CCC(N)=O)CC(=O)O;1;0
N#Cc1nc[nH]c1N(C=O)C(C#N)Cc1ccccc1;1;4
N=C(N)NCC(=S)NCC(N)=O;1;0
NC(=O)CCNCCC(N)=O;1;13
O=C(O)CC(N=CC(O)CO)C(=O)O;1;1
C=C(C=Nc1ncco1)c1ccccc1;1;1
N=C(N)NCC(=O)Nc1[nH]cnc1Cc1ccccc1;1;1
N#CCCNC(=O)CNC(=S)c1ncnc(N)c1N;1;5
N#CCN(CC(=O)O)C(=O)CNC(=N)N;2;3
N#CCCN(CC(N)=O)c1[nH]cnc1C(N)=O;1;8
N#CC=CN(CC#N)c1[nH]cnc1C(=O)O;1;0
N#CCCNc1ncnc(C(=O)O)c1NCCC#N;1;10
N#CCNC(CC(=O)O)C(=O)O;1;13
N#CCc1nc[nH]c1NC(N)=O;1;6
C=C(c1ccccc1)C(C#N)NCC(=O)O;1;11
NC(=O)C(Cc1ccccc1)N=CC(=O)O;1;1
N#CC(CO)N=CC(=CCO)c1ccccc1;1;1
N#CCCN(C(N)=O)c1ncnc2[nH]cnc12;1;7
NC(=O)CCN(CCC(N)=O)c1[nH]cnc1C(N)=O;1;6
N#CCN(CCc1ccccc1)C(=O)CNC(N)=O;1;2
O=C(O)CCN(CC(=O)O)c1[nH]cnc1C(=O)O;1;9
N#CCNc1[nH]cnc1Cc1ccccc1;1;10
NC(=O)CNCCO;1;12
N#Cc1[nH]c(=O)[nH]c1N=CC(O)CO;1;1
NC(=O)CN=CC(=CCO)c1ccccc1;1;1
N#CC(N)CC(O)C(N)C#N;1;20
NC(=S)CNC(CC(N)=S)C(N)=S;1;2
N#CCN(CC(=O)O)C(=O)CNC(=O)CNC(=N)N;1;2
N#CCCN=CC(=CCO)c1ccccc1;1;1
O=C(O)CCN=CC(O)C(O)CO;1;1
N=C(N)Nc1ncnc(C=O)c1NC(=N)N;1;30
N#Cc1nc[nH]c1N=CCO;1;1
N#CCCN(CCC#N)CC(N)=O;1;3
N#CC(C#N)N=CCNC(=N)N;1;1
C=C(C=NCC(=O)NCC(N)=O)c1ccccc1;1;1
N#CC(Cc1ccccc1)Nc1[nH]cnc1C(=O)O;1;8
N#CCCNC(=O)CNC=CC(N)=O;1;0
O=C(O)CCN(CC(=O)O)CC(=O)O;2;4
O=CC(=CCc1ccccc1)c1ccccc1;2;27
N#CC=CN(C(C#N)Cc1ccccc1)C(C(N)=O)C(N)=O;1;0
NCC(=O)N(CCC(=O)O)CC(=O)O;3;30
N#Cc1nc[nH]c1NC(=O)C(=O)Nc1[nH]cnc1C#N;1;8
O=CC(=CCO)c1ccccc1;1;27
N#CC(N)C(O)C(O)CO;1;20
N=C(N)NC(=N)NCC(=O)N(CC(N)=O)CC(=O)O;1;1
N#CC=CN(CC#N)c1ncnc2[nH]cnc12;1;0
CC(C#N)N=CC(=CCO)c1ccccc1;1;1
CC=NCC(=O)NC(C#N)Cc1ccccc1;1;1
NC(=O)C(N)C(N)=O;1;10
CCNCC#N;1;15
N#CCN(CC(=O)O)C(=O)CN;1;33
O=Cc1nc[nH]c1NC(C=O)Cc1ccccc1;1;13
C=Cc1nc(N)nc(N)n1;2;17
CC(C#N)NC(C(N)=O)C(N)=O;1;5
N#CCC(C#N)NC(=O)CN=CC(=CCO)c1ccccc1;1;1
N#CCC(N)C#N;4;33
NC(=O)CCNc1ncnc2[nH]cnc12;1;7
N#CCCN(C(=O)CNC(N)=O)c1[nH]cnc1C#N;1;6
CC(=S)NCCC#N;1;1
OCC(O)C=Nc1ncnc2[nH]cnc12;1;1
N=C(N)NCC(=O)OC(Cc1ccccc1)C(N)=O;1;2
N#CCNC(=O)CNC=O;1;2
C=Cc1nc(N)nc(N(CC#N)CCC#N)n1;2;19
O=C(O)CNC(=S)CO;1;0
COC(=O)CC(O)C(=O)OC;2;17
O=C(O)CNC(=O)CN=CC(O)C(O)CO;1;1
O=c1nc(N=CC(=CCO)c2ccccc2)c2nc[nH]c2[nH]1;1;1
N#CCCN(CC#N)C(=O)CNCCC(=O)OCC(N)=O;1;13
N#CC(Cc1ccccc1)NC(=O)CN=CCNC(=N)N;1;1
N#CCN=C(N)C(=N)NCC#N;1;0
NC(=S)CO;1;3
O=CCCN(CCC=O)c1[nH]cnc1C=O;1;16
NC(=O)CC(N=CCc1ccccc1)C(N)=O;1;1
CC(C#N)NCC#N;2;14
N#CC=CNc1[nH]cnc1CC#N;2;0
N#CCCN=CCO;1;1
C=C(C=NC(CC(=O)O)C(=O)O)c1ccccc1;1;1
CC(C#N)NC=O;1;2
C=CC=NC(C(N)=O)C(N)=O;1;1
C=C(C=Nc1nc(=O)[nH]c2[nH]cnc12)c1ccccc1;1;1
NCC(=O)N(CC(N)=O)CC(N)=O;2;29
O=CCCNc1ncnc2[nH]cnc12;1;14
N#CC(CO)NCCC(=O)OCC(N)=O;1;11
NC(=S)CNCC(N)=S;1;0
C=CC=NCC(=O)NC(C#N)CC#N;1;1
CC=C(C=Nc1ncnc2[nH]cnc12)c1ccccc1;1;1
N#Cc1[nH]c(=O)[nH]c1N=CC(O)C(O)CO;1;1
NC(=O)COC(=O)CCNCC(=O)NCC(=O)O;1;11
NC(=S)CCNC(=S)CO;1;0
N#Cc1[nH]c(=O)[nH]c1NC(=O)CNC(N)=O;1;5
C=Cc1nc(N)nc(N(CC#N)CC#N)n1;2;19
N#CC=Cn1cnc(C#N)c1N(CCC#N)CCC#N;1;2
C=C(C=NC(C#N)CC#N)c1ccccc1;1;1
NC(=O)CCN=CCO;1;1
N#CCNCCC(=O)OCC(N)=O;1;13
N#CCNC=O;1;2
N#CCCN(CC#N)C(=O)CN=CC(O)CO;1;1
N#CCCNC(=O)CN=CCc1ccccc1;1;1
N=C(N)NCC=NCCC(=O)O;1;1
N#CCN(C(=O)CNC(N)=O)c1ncnc2[nH]cnc12;1;7
CC=NCCC(=O)O;1;1
N=C(N)NCC(=O)N(CCC(N)=O)CC(N)=O;1;0
N#CNC(=N)N;1;14
NC(=O)N(CC(=O)O)CC(=O)O;1;4
N#CCNC(=O)CN=CC(O)C(O)CO;1;1
N#Cc1[nH]c(=O)[nH]c1NC=O;1;3
O=C(O)C=NC(CC(=O)O)C(=O)O;1;1
C=CC=NC(C#N)C(=C)c1ccccc1;1;1
CC(N)=S;1;3
CC=C(C=NCC(=O)NCCC#N)c1ccccc1;1;1
C=C(C=Nc1[nH]cnc1Cc1ccccc1)c1ccccc1;1;1
N;0;15
C=CC=NCC(=O)O;1;1
N#CCCN(CCC(N)=O)CC(=O)O;1;7
N#CC=CN(CCC#N)CC(=O)O;1;0
N=C(N)NC(=N)N(CC(N)=O)CC(=O)O;1;1
N#CCNC(=O)CNC(=S)c1nc[nH]c1N;1;2
N#CCNC(=O)CNC(=O)C(=O)NCC(=O)NCC#N;1;4
N#CCN(CCc1ccccc1)C(=O)CNC(=N)N;1;4
N=C(N)NC(=N)NC(Cc1ccccc1)C(N)=O;1;2
N#CCNC(=O)CNC(=S)C(O)Cc1ccccc1;1;2
Nc1nc(=O)[nH]c2[nH]cnc12;1;14
NC(=O)C=CNc1[nH]cnc1C(=O)O;1;1
COC(=O)CC(NCC(=O)NCC(N)=O)C(=O)OC;1;16
O=CC(=CC(=O)O)c1ccccc1;1;6
N#CC=CNCC(=O)O;2;0
N#CC=CNC(C#N)Cc1ccccc1;2;0
N#CC(O)CC(O)C(O)C#N;1;5
N#CCN=CC(O)C(O)CO;1;1
NC(=O)COC(=O)c1nc[nH]c1NC(N)=O;1;9
N#CCCNC(CC(N)=S)C(N)=S;1;3
N=C(N)N(CC(N)=O)CC(=O)O;2;0
NC(=O)NCC(=O)N(CCc1ccccc1)CC(=O)O;1;5
N#CCN(C=O)c1ncnc2[nH]cnc12;1;5
N#CC=Cn1cnc(C#N)c1NC(N)=O;1;0
N=C(N)NCC(=O)NCC(=O)NCC(N)=O;1;0
N#CC(CO)NC(N)=O;1;3
NC(=S)c1ncnc(NC=O)c1NC=O;1;1
N#CC(=N)N(CC(N)=O)CC(N)=O;1;0
N=CNC(C(N)=O)C(N)=O;3;0
NC1=NC2OC(CO)C(O)C2O1;1;1
N#CCCN(CC(=O)O)C(=O)CNCC#N;1;15
N#CCCN(CCC#N)C(C#N)C#N;1;7
N#CCN(CC#N)C(=O)CN=CC(=CCO)c1ccccc1;1;1
CC(=S)NCC(=O)NCCC#N;1;1
C=C(c1ccccc1)c1nc[nH]c1N;2;13
N#CC=CN(CC(N)=O)CC(N)=O;1;0
N#CCN(CC#N)C(=N)N;1;4
NCC(N)=S;1;3
NC(CO)C(=O)O;1;30
N#CCCNCCc1ccccc1;1;16
NCC(N)=O;3;31
N#CCNC(=O)CN;1;33
NC(=S)CCN(CC(N)=S)CC(N)=S;1;3
N#CCCNC(=O)CNC(=S)CNC(N)=O;1;1
N#CC(CO)N=CCNC(=N)N;1;1
N#CC=CN(CCC#N)c1[nH]cnc1C(=O)O;1;0
CC(C#N)NC=CC(N)=O;1;0
N#CC(=N)Nc1cc[nH]c(=O)n1;1;0
N#Cc1nc[nH]c1N=CCNC(=N)N;1;1
O=CO;3;20
N=CNc1cc[nH]c(=O)n1;2;1
O=c1cc[nH]c(=O)[nH]1;1;4
C=C(C=C(C=NC(C#N)C#N)c1ccccc1)c1ccccc1;1;1
N#CCCN(CCC(N)=O)c1[nH]cnc1C(N)=O;1;8
CC(C#N)NC(=O)CNC(N)=O;1;1
N#CCCN(CC(N)=O)CC(N)=O;1;3
NC(CC(=O)O)C(=O)O;2;31
N=C(N)NC(=N)N(CCc1ccccc1)CC(=O)O;1;2
N=C(N)N(CCc1ccccc1)CC(=O)O;1;1
CC(=S)NCC(=O)N(CC#N)CC(=O)O;1;1
COC(=O)CCNC(C#N)CC#N;1;20
N#CC(Cc1ccccc1)NC(C#N)Cc1ccccc1;1;14
N#CCN(CC(N)=O)C(N)=O;1;1
N#Cc1nc[nH]c1N=CC(O)CO;1;1
NC(=O)CN(C=O)c1[nH]cnc1C(N)=O;1;3
N#CCCN(CCC#N)C(N)=O;1;1
NC(=S)CCNCCC(N)=S;1;0
N#CC=CN(CCC(N)=O)CC(N)=O;1;0
N#CCCN(CC(=O)O)C(=O)CN=CC(O)C(O)CO;1;1
N#Cc1[nH]c(=O)[nH]c1N=CC(O)Cc1ccccc1;1;1
CC(C#N)NCCC#N;2;14
N=C(N)NCC=NC(Cc1ccccc1)C(N)=O;1;1
N=C(N)NCC(=O)N(CCC(N)=O)c1[nH]cnc1C(N)=O;1;1
N#CCCN(CC#N)C(C#N)Cc1ccccc1;1;5
N#CCCNC(=O)CN=CCNC(=N)N;1;1
N=C(N)NCC(=O)N(CC(=O)O)c1[nH]cnc1C(=O)O;1;1
NC(=O)COC(=O)CCNCCC(=O)O;1;11
O=CCCC=O;2;30
CC=C(C=C(C=O)c1ccccc1)c1ccccc1;1;27
C=CC=Nc1[nH]cnc1CC#N;1;1
N=C(N)NC(C=O)Cc1ccccc1;1;16
N#CCCN=C(C#N)c1nc[nH]c1N;2;7
N#CC=CN(c1[nH]cnc1C#N)C(C#N)Cc1ccccc1;1;0
CC=Nc1[nH]cnc1C#N;1;1
N#CCCN(CC(=O)O)C(=O)CNC=CC(N)=O;1;0
O;0;49
N#Cc1nc[nH]c1NC=O;1;4
NC(=S)CN(C=O)CC(N)=S;1;0
N#CC=CNCC(=O)N(CCC#N)CC(=O)O;2;0
NCC(=O)N(CCC(N)=O)CC(=O)O;2;29
N#CCCN=C(N)C(=N)NCCC#N;1;0
OCC(O)C=Nc1[nH]cnc1Cc1ccccc1;1;1
NC(=O)C(Cc1ccccc1)N=CCc1ccccc1;1;1
N#CC=CNCC(=O)N(CC#N)CC(=O)O;2;0
NC1=NC2OC(C(O)CO)C(O)C2O1;1;1
N#CC(N)C(O)Cc1ccccc1;1;21
COC(=O)CCNCCC#N;1;14
NC(=O)Nc1[nH]cnc1C(N)=O;1;5
N#CCN(CC(=O)O)C(=O)CN=CCO;1;1
N=C(N)NC(=N)N(CCC(=O)O)CC(=O)O;1;1
COC(=O)CN(CC#N)CCC#N;1;19
NC(=O)Nc1[nH]cnc1C(N)=S;1;3
N#CCNC(=S)CC(O)C(=S)NCC#N;1;1
NC(=O)NCC(N)=S;1;2
N#CCNC(=O)CN=CC(O)CO;1;1
N#CCNC(=S)c1nc[nH]c1NC(N)=O;1;2
N#CCNc1[nH]cnc1C(=O)O;2;9
NCC(=O)N(CC(N)=S)CC(N)=S;1;2
N=C(N)NCC(=O)N(CC(N)=O)CC(N)=O;1;0
C=CC=O;1;33
N=C(N)n1cnc2c(NC(N)=O)ncnc21;1;1
N#CC(CO)NCC(=O)O;1;12
N#CCCN(CC#N)C(C#N)CC#N;1;4
O=C(O)CC(O)C(=O)O;3;3
O=C(O)c1nc[nH]c1NC(Cc1ccccc1)C(=O)O;1;5
N#CCN(C=O)CC(N)=O;1;2
O=CNCC(=O)O;1;1
N#CCCN(C(N)=O)c1[nH]cnc1C(=O)O;1;10
NC(=O)CCC(N)=O;1;1
C=CC(=O)OC(Cc1ccccc1)C(N)=O;1;9
N#CCCN(CCC#N)C(=O)CNC(=N)NC(=N)N;1;1
O=C(O)CCN=CC(O)CO;1;1
N#CCN(C=O)c1[nH]cnc1C#N;1;4
NC(=O)CN=CC(=CCc1ccccc1)c1ccccc1;1;1
N#Cc1nc[nH]c1NC(N)=O;1;6
CC=C(C=NC(Cc1ccccc1)C(N)=O)c1ccccc1;1;1
N=CNc1[nH]cnc1C(=O)O;2;4
N=C(N)NC(=N)N;1;1
N#Cc1ncnc(NC=O)c1NC=O;1;3
N=C(N)N(CC(N)=S)CC(N)=S;1;3
N#CCC(C#N)NC(=O)CN=CCO;1;1
O=C(O)C=Nc1ncco1;1;1
N#Cc1nc[nH]c1N(C(N)=O)C(C#N)Cc1ccccc1;1;6
CCNc1[nH]cnc1C(N)=O;1;7
N#Cc1[nH]c(=O)[nH]c1N=CC(=O)O;1;1
N=C(N)NC(=N)NCC(N)=O;1;1
N#CCCN(CC(=O)O)C(=O)CNC=O;1;2
NC(=O)CNCCC(=O)OCC(N)=O;1;11
Nc1[nH]cnc1CO;2;13
N#CCNc1ncco1;1;15
NC(=O)c1nc[nH]c1N;2;14
N#CCN1CCC(N)=NC1=O;1;0
C=CC=NCC(=O)NCCC#N;1;1
N#CCCN(C(N)=O)C(C#N)(C#N)CCC=O;1;15
OCC(O)C=Nc1ncco1;1;1
N#CCCNc1c(N)ncnc1C#N;1;4
NC(=O)CNC(N)=O;1;0
N#CCN(C(N)=O)C(C#N)Cc1ccccc1;1;2
NC(=O)CCNC(=S)c1ncnc(N)c1N;1;4
NC(=O)C(C(N)=O)N1CCC(N)=NC1=O;1;0
N=C(N)NC(=N)NCC(=O)Nc1[nH]cnc1C(N)=O;1;2
O=C(O)C(Cc1ccccc1)N=CC(O)CO;1;1
N#CC(Cc1ccccc1)NC(=O)CNC(=N)NC(=N)N;2;2
C(=Nc1ncco1)C(=CCc1ccccc1)c1ccccc1;1;1
N#CC(O)CNC(=N)N;1;4
O=c1nc(N=CC(O)CO)cc[nH]1;1;1
N#CCc1nc[nH]c1N=CC(O)C(O)CO;1;1
CC=C(C=NC(C#N)CO)c1ccccc1;1;1
N#CCN(CC(=O)O)C(=O)CN=CC(=O)O;1;1
C=CC=NC(Cc1ccccc1)C(N)=O;1;1
N#CCN=CCO;1;1
N#CC(Cc1ccccc1)NC(=O)CN;1;34
COC(=O)CC(NCC(N)=O)C(=O)OC;1;16
C=Cc1nc(N)nc(N(CC#N)CC(=O)O)n1;2;19
COC(=O)CC(NCC#N)C(=O)OC;1;18
NC(=O)c1ncnc2[nH]c(=O)c(=O)[nH]c12;1;3
N#CCCNc1cc[nH]c(=O)n1;1;10
CC(C#N)N=CCO;1;1
CC=NCCC(N)=O;1;1
N#CCCNC(=O)CN=CCO;1;1
N#CCCN(C(=O)CNC(N)=O)c1ncnc2[nH]cnc12;1;7
N#CCCNC(=S)CCC(=S)NCCC#N;1;1
NC(=O)CCNC=O;1;1
N#CCc1nc[nH]c1N=CC(=O)O;1;1
O=C1CNC(=O)O1;1;12
N#CCc1nc[nH]c1N;2;16
N=C(N)NC(=N)NCC(=O)N(CCC(=O)O)CC(=O)O;1;1
N#CCCN=CCc1ccccc1;1;1
N#CC=Cn1cnc2c(NC(N)=O)ncnc21;1;0
C=CC=NCC(N)=O;1;1
N#CCC(C#N)NC(=O)CNC(=N)NC(=N)N;2;1
NC(=O)CCN(C(=O)CNC(N)=O)C(C(N)=O)C(N)=O;1;0
N#CC(NC=O)C(=CCc1ccccc1)c1ccccc1;1;3
N#CCC(C#N)NC(=O)CNCCC(=O)OCC(N)=O;1;13
O=C(O)CNC(Cc1ccccc1)C(=O)O;3;11
CC=NC(Cc1ccccc1)C(=O)O;1;1
N#CCNC(=O)CNC(=O)CN;1;33
C=C(c1ccccc1)C(N)C(N)=S;1;1
Nc1[nH]cnc1Cc1ccccc1;2;13
O=C(O)C=NCCC(=O)O;1;1
NC(=O)CN=CC(=O)O;1;1
N#CC(N)=Nc1ncnc2[nH]cnc12;1;0
N#CCCN(CC(N)=O)C(N)=O;1;1
N=C(N)NCC(=O)OCC(N)=O;1;1
N#CCN(CC#N)C(=O)CN=CCO;1;1
N#CCCN(CC(=O)O)c1[nH]cnc1C(=O)O;1;12
N#CCC(C#N)NC(=O)CNC(=S)CO;1;1
C=C(c1ccccc1)C(N)C(N)=O;1;14
N=C(N)NC(=N)NCC(=O)NCCC(N)=O;1;1
N=C(N)NC(=N)NCC(=O)NCCC(=O)O;1;1
N#CCN(C(N)=O)c1c(C#N)ncn1C(=N)N;1;1
N#CCC(C#N)NC(=O)CNC(=S)c1nc[nH]c1N;1;2
N=C(N)NCC=Nc1ncco1;1;1
N=CNc1nc(=O)[nH]c2[nH]cnc12;2;1
N#CC=CNc1[nH]cnc1C(=O)O;2;0
N#CCCN(C(N)=O)C(C#N)Cc1ccccc1;1;2
N#CCN(CC(=O)O)C(=O)CNC(N)=O;2;5
O=C(O)CNCC(=O)O;4;12
N#CCCN(C=O)c1[nH]cnc1C(=O)O;1;4
O=C1CNC(=O)N1;2;0
NC(=O)CC(N)C(N)=O;1;31
N#CC(CO)NC(=O)CNC(=N)N;1;2
O=CNc1[nH]cnc1Cc1ccccc1;1;3
N#CCN(CC(N)=O)C(=O)C(=O)N(CC#N)CC(N)=O;1;2
O=CNCCC(=O)O;1;1
C=C(C=NCC(=O)N(CC#N)CC(=O)O)c1ccccc1;1;1
NC(=O)CCNC(=S)c1nc[nH]c1NC(N)=O;1;1
NC(=O)c1nc[nH]c1N=CC(O)CO;1;1
COC(=O)CCNC(C#N)Cc1ccccc1;1;21
NC(=O)C=CNc1cc[nH]c(=O)n1;1;1
O=C(O)c1nc[nH]c1N=CC(=CCO)c1ccccc1;1;1
N=C(N)N(CC(N)=O)CC(N)=O;2;0
N=C(Nc1ncco1)C(=N)Nc1ncco1;1;2
NC(=S)CCNC(Cc1ccccc1)C(N)=S;1;3
N#CCN(CCc1ccccc1)C(=N)N;1;5
CC=Nc1ncnc2[nH]cnc12;1;1
NC(=O)CNC(=O)CNC=O;1;1
N=C(N)NCC(=O)N(CCC(N)=O)C(C(N)=O)C(N)=O;1;0
OCCNc1ncnc2[nH]cnc12;1;6
N#CCN(C(=N)N)C(C#N)Cc1ccccc1;1;5
N=C(N)n1cnc(C(=O)O)c1NC(N)=O;1;1
O=C(O)CC(N=CCO)C(=O)O;1;1
NC(=O)CCN(CC(N)=O)C(N)=O;1;0
N#CCN(CC#N)C(=O)CNC(=O)CN;1;31
N#CCCNC(=O)CNC(=S)c1nc[nH]c1N;1;2
CC=NCC(=O)N(CCC#N)CC(=O)O;1;1
N#CCCN(C(=O)CNC(N)=O)C(C#N)Cc1ccccc1;1;2
N#CC(NC(N)=O)=C1N=CNC1=N;2;0
N#CCC(C#N)NC(=O)CNC(=O)CN;1;32
O=C(O)CCN=CC(=CCc1ccccc1)c1ccccc1;1;1
N=C(N)NCC(N)=S;1;3
N=C(N)NC(=N)NCC(=O)O;3;1
OCC=C(C=Nc1ncco1)c1ccccc1;1;1
N#Cc1nc[nH]c1N=C(N)C(=N)Nc1[nH]cnc1C#N;1;4
N#CCCNC(C#N)CO;2;12
CC(C#N)NC(=O)CNC(=N)NC(=N)N;1;1
NCC(=O)NCCC(N)=S;1;3
N=C(N)NC(=N)NCC(=O)NCC(N)=O;2;1
N#CC(O)Cc1ccccc1;1;6
NCC(=O)NCCC(N)=O;2;29
NC(=O)NCC(=O)N(CCC(=O)O)CC(=O)O;1;4
NC(=O)CCNC(=S)c1nc[nH]c1N;1;1
C=CC=NC(C#N)C(=CCc1ccccc1)c1ccccc1;1;1
NC(=S)CCNCC(N)=S;2;0
C=CC=NC(CC(=O)O)C(=O)O;1;1
C=CC=NC(Cc1ccccc1)C(=O)O;1;1
CC=C(C=Nc1[nH]cnc1C#N)c1ccccc1;1;1
N#CC(=N)Nc1[nH]cnc1C(N)=O;1;0
N#CCCNC(=O)CNC(N)=O;2;1
NC(=O)CNC(=O)CN=CC(O)CO;1;1
N#Cc1nc[nH]c1N=CCc1ccccc1;1;1
N#CCN(CC(=O)O)C(=O)CN=CC(O)C(O)CO;1;1
C=CC(=O)O;4;4
N#Cc1[nH]c(=O)[nH]c1N=CCNC(=N)N;1;1
C=CC(=O)OCC(N)=O;1;8
N=C(N)Nc1ncnc(C(=O)O)c1NC(=N)N;2;1
N#CCCN(CCC#N)CC(=O)O;1;7
CC=C(C=NCCC(N)=O)c1ccccc1;1;1
N#CC(Cc1ccccc1)NCCc1ccccc1;1;14
NC(=O)CCNC(=S)C(O)Cc1ccccc1;1;1
O=C(O)CN=CC(O)CO;1;1
O=c1nc(N=CCO)cc[nH]1;1;1
N#CCCNC(=O)CNCC#N;1;15
NC(=O)NC(C(N)=O)C(N)=O;1;0
COC(=O)c1nc[nH]c1NC(N)=O;1;22
N#CCN(CC(=O)O)C(=O)C(=O)N(CC#N)CC(=O)O;1;8
N#CC(Cc1ccccc1)NC(=O)CNC=O;1;3
N#CC(N=CCO)C(=CCc1ccccc1)c1ccccc1;1;1
C=C(c1ccccc1)C(C#N)Nc1[nH]cnc1C#N;1;7
N#CC(N)C#N;1;13
N#CCNC(C#N)Cc1ccccc1;2;14
NC(=O)CCN(C(=O)CNC(N)=O)c1[nH]cnc1C(N)=O;1;5
N=C(N)NC(=N)NC(C=O)CC=O;1;4
COC(=O)CCNCC#N;1;14
C=C(c1ccccc1)C(C#N)NCC(N)=O;1;11
NC(=O)CCNC(=O)CNC(N)=O;1;0
N#CCC(C#N)N=CCc1ccccc1;1;1
N#CCCN(CC(=O)O)C(=O)CN=CC(O)CO;1;1
N#CCN(CC(=O)O)C(=N)C#N;1;0
NCC(=O)NC(CC(=O)O)C(=O)O;1;31
N#CCc1nc[nH]c1NC=CC(N)=O;1;1
N#CCC=O;1;17
NC(=S)CNCC(=O)O;1;0
C=CC=NCCC(=O)O;1;1
NC(=O)NCC(=O)Nc1[nH]cnc1C(N)=O;1;5
NC(=O)NC(C(N)=S)C(N)=S;1;2
N#CCCN(CC(=O)O)C(=O)CN=CCc1ccccc1;1;1
N#CCN(CC(=O)O)C(=N)N;1;3
N#Cc1nc[nH]c1NC(=N)C(=N)Nc1[nH]cnc1C#N;1;4
N#CCC(C#N)NC(C#N)Cc1ccccc1;1;14
N#CCCN(CC(=O)O)C(=O)CNC(=O)CNC(N)=O;1;5
O=CN(CC(=O)O)c1[nH]cnc1C(=O)O;1;3
N#CC=Cn1cnc(C(=O)O)c1NC(N)=O;1;0
N=C(N)NCC=Nc1cc[nH]c(=O)n1;1;1
N#CC(Cc1ccccc1)NC(=N)NC(=N)N;1;3
CC=C(C=NC(C)C#N)c1ccccc1;1;1
N#CCc1nc[nH]c1NC=N;2;4
N#CCNC(N)=O;1;1
N#CCc1nc[nH]c1NC=O;1;4
N#CC=CNC(N)=O;1;0
N=C(N)N(CC=O)CC=O;1;15
N=C(NCC(=O)O)C(N)=NCC(=O)O;1;0
N#CCCN(CC#N)C(=O)CNC(=S)CNC(N)=O;1;1
N=CNc1ncnc2[nH]cnc12;2;4
CCNC(C#N)Cc1ccccc1;1;14
N#CCCN(CC(=O)O)C(=O)CNC(=S)CO;1;1
N#CCC(C#N)NC(=N)N;1;4
O=C(CO)C(O)CO;1;14
N#CCCN(CC#N)C(=O)CNCC#N;1;15
N#CC(Cc1ccccc1)N=CCc1ccccc1;1;1
C=C(c1ccccc1)C(O)C#N;1;5
CC(O)C(=O)O;1;4
N#Cc1nc[nH]c1N;5;16
CC(C#N)NCC(=O)O;1;14
N=C(N)N(CCC(N)=S)CC(N)=S;1;3
N=C(N)N(CC=O)CCC=O;1;15
N#CC(C#N)N=CC(=CCc1ccccc1)c1ccccc1;1;1
O=C(O)CCNC(=O)C(=O)NCCC(=O)O;1;6
NC(=O)CNC(=O)CNC(=S)CNC(N)=O;1;0
C=C(C=NCC(N)=O)c1ccccc1;1;1
COC(=O)CCNCC(=O)NCC#N;1;14
COC(=O)CC(NCCC(N)=O)C(=O)OC;1;16
NC(=O)Nc1nc(=O)[nH]c2[nH]cnc12;1;2
N#CCNc1nc(=O)[nH]c2[nH]cnc12;1;10
Nc1ncnc2[nH]c(=O)[nH]c12;2;15
N#CC(Cc1ccccc1)Nc1[nH]cnc1C(N)=O;1;8
COC(=O)CC(NC(C#N)CO)C(=O)OC;1;17
N#CC(C#N)NC(N)=O;1;3
CC=C(c1ccccc1)C(N)C#N;1;16
N#CCN(CC(N)=O)C(=N)C#N;1;0
N#CCCNCC(=O)N(CC#N)CC#N;1;15
C=CC=Nc1cc[nH]c(=O)n1;1;1
O=C(O)CCNC(Cc1ccccc1)C(=O)O;1;11
O=C(O)C(O)CO;1;3
O=CNc1[nH]cnc1C(=O)O;1;3
NC(=O)C(NCCC(N)=S)C(N)=O;1;0
C=C(c1ccccc1)C(C#N)N=CC(O)Cc1ccccc1;1;1
N#CCCNCC(=O)NCC(N)=O;1;13
N=CNc1[nH]cnc1C(N)=O;2;4
N#CCCN(CCC#N)C(C(N)=O)C(N)=O;1;2
N=C(N)NCC(=O)NCC(N)=O;2;0
C=CC=Nc1ncco1;1;1
N#CC=CC#N;1;3
O=CC(O)C(O)C(O)CO;1;12
COC(=O)CCNCC(=O)N(CC#N)CC(=O)O;1;14
NC(=O)CNC(=O)CN=CCc1ccccc1;1;1
COC(=O)CCNCC(=O)NCC(N)=O;1;12
N=C(N)NC(=N)NC(Cc1ccccc1)C(=O)O;1;2
O=C(O)CCN(CCC(=O)O)CC(=O)O;3;4
N#CCCN(CCC#N)c1ncnc2[nH]cnc12;1;10
N#CC=CNCC(=O)NCC(N)=O;2;0
N#CCN(CC(=O)O)C(=O)CN=CCNC(=N)N;1;1
NC(=O)NCc1nc(N)nc(N)n1;2;16
N#CC=CNc1[nH]c(=O)[nH]c1C#N;2;0
NC1=NC(=O)CC1O;1;1
N#CC=CNc1ncnc2[nH]cnc12;2;0
O=c1nc(N=CCO)c2nc[nH]c2[nH]1;1;1
COC(=O)CCNCC(=O)N(CC#N)CCC#N;1;14
N#CCC(C#N)N(CC#N)C(=O)CN;1;33
N#CCN(CC#N)C(=O)CNC=O;1;2
C=C(C=Nc1[nH]cnc1C(N)=O)c1ccccc1;1;1
N=C(NCCC(N)=O)C(=N)NCCC(N)=O;1;0
NC(=O)C=CNc1ncco1;1;2
NC(=S)CNC=O;1;0
NC(=O)C(N=CCO)C(N)=O;1;1
NC(=O)CCN(C=O)CC(=O)O;1;1
CC(C#N)NC(N)=O;1;1
NC(=O)c1nc[nH]c1NCC(N)=S;1;3
C=C(C=NC(C#N)CO)c1ccccc1;1;1
N#CCCN(CC(=O)O)C(=O)CNC(=N)NC(=N)N;2;1
N=C(N)Nc1ncco1;1;3
NC(=O)C(Cc1ccccc1)NC=O;1;2
NC(=O)C=CNc1[nH]cnc1Cc1ccccc1;1;1
NC(=O)CNC(CC(N)=O)C(N)=O;1;11
O=CC(=O)CCO;1;13
N#CCCNC(=S)C(NC(N)=O)C(=S)NCCC#N;1;1
N=C(N)NCC(=S)NCCC(N)=O;1;0
N#CCCNC(=S)c1nc[nH]c1NC(N)=O;1;2
O=C(O)CNC(=O)CN=CCc1ccccc1;1;1
N#CCN(CC#N)C(=O)CNC(=S)CO;1;1
N#CCCN(C=O)c1[nH]cnc1C(N)=O;1;4
N#CCCN(CC(N)=O)C(=N)N;1;2
C=C(C=NCCC(=O)O)c1ccccc1;1;1
N#CC(=N)c1nc[nH]c1N;2;0
CC=NC(C#N)C(=CCc1ccccc1)c1ccccc1;1;1
N#CCN(CC#N)C(=O)CN=CCNC(=N)N;1;1
N#CC=CNC(CC(=O)O)C(=O)O;2;0
N#CCCC=O;1;17
N#CCN(CC(N)=O)C(=O)CNC(N)=O;1;1
N#CCCN=CC(O)C(O)CO;1;1
O=C(O)CCNc1ncnc2[nH]cnc12;1;6
CC(C#N)NC(=O)CNC(=N)N;1;2
N#CCN(CC#N)C(=O)CN=CC(=O)O;1;1
O=C(O)CNC(CC(=O)O)C(=O)O;1;10
CC(C#N)NC=CC#N;2;0
N#CCCNCC(=O)NCCC#N;1;15
NC(=O)CNC(=O)CN=CC(=O)O;1;1
O=C(O)CNC(=O)CN=CCO;1;1
N#CCN(C=O)CC(=O)O;1;2
N#Cc1nc[nH]c1N1CC(N)=NC1=O;1;4
N#CCCN(CC#N)C(=O)CN=CC(O)Cc1ccccc1;1;1
C=C(C=NC(C#N)Cc1ccccc1)c1ccccc1;1;1
N=C(N)NC(CC(N)=S)C(N)=S;1;3
NC(=O)COC(=O)CCNC(Cc1ccccc1)C(=O)O;1;11
C=C(c1ccccc1)C(C#N)NCCC#N;2;11
N#CC(N)Cc1ccccc1;3;34
N#CCCN(C(=N)N)C(C#N)Cc1ccccc1;1;5
NCC(=O)NC(CC(N)=S)C(N)=S;1;2
Nc1ncco1;1;18
N#CCC(C#N)NC(=O)CNC(=O)CNC(=N)N;1;2
N#CC=CN(CCc1ccccc1)CC(=O)O;1;0
COC(=O)CN(CC#N)C(=N)N;1;16
O=C(O)C(O)Cc1ccccc1;2;5
N#CC(Cc1ccccc1)NC(=O)CNC(=S)CO;1;2
NC(=S)C(O)Cc1ccccc1;1;4
O=CCCNc1[nH]cnc1C=O;2;13
NC(=O)CC(N=CC(O)Cc1ccccc1)C(N)=O;1;1
N#CC(Cc1ccccc1)N=CC(O)Cc1ccccc1;1;1
NCC(=O)NC(Cc1ccccc1)C(=O)O;1;32
O=CC(=CC(=CCO)c1ccccc1)c1ccccc1;1;27
N#CC=CNC(Cc1ccccc1)C(=O)O;2;0
N#CCNC(=O)CN=CC(=CCO)c1ccccc1;1;1
S;0;4
C=C(c1ccccc1)C(C#N)NC=CC(N)=O;1;1
N=C(N)NCCC(N)=S;1;3
N#CCCN(CC#N)C(=O)C(=O)N(CC#N)CCC#N;1;4
O=CCCN(CC=O)CCC=O;1;20
N#CCCN(CC(=O)O)C(=O)CNC(=O)CN;1;31
NC(=O)C=CNc1ncnc2[nH]cnc12;1;1
OCC=Nc1ncco1;1;1
N#CC(Cc1ccccc1)NCC(=O)O;1;14
N#CCCNCC(=O)N(CC#N)CC(=O)O;1;15
N#Cc1nc[nH]c1NCCc1ccccc1;1;10
N#CCCNc1[nH]cnc1C(N)=O;1;9
C=C(c1ccccc1)C(C#N)NC=O;1;3
N#CC(CO)NC(C#N)Cc1ccccc1;1;13
NC(=O)NCC(=O)NC(Cc1ccccc1)C(N)=O;1;1
N#CCNCC#N;3;15
N#CCNc1nc(N)nc(-c2nc(N)nc(NCC#N)n2)n1;2;3
N=C(N)NC(=N)N(CC=O)CCC=O;1;4
N#CC1(C#N)CCC=N1;1;3
C#Cc1ccccc1;1;2
N#CCCNc1[nH]cnc1CC#N;1;10
NC(=O)CC(N=CC(=O)O)C(N)=O;1;1
N#CC1CC(N)=NC(=O)N1;1;0
O=C(O)C=Nc1nc(=O)[nH]c2[nH]cnc12;1;1
N#CC(Cc1ccccc1)N=CC(O)CO;1;1
N#CCNC(=O)CNC(=S)CO;1;1
N#CCCNC(=O)CNC=O;1;2
N=C(N)NCC(=O)NC(CC(N)=O)C(N)=O;1;0
N#CCC(C#N)NC(=O)CNC=O;1;2
NC(=O)c1nc[nH]c1NC(Cc1ccccc1)C(N)=O;1;6
N=C(N)NC(=N)NCC(=O)NC(CC(=O)O)C(=O)O;1;1
N#CCC(C#N)NC(=O)CNC(=N)N;2;2
N#CCCNC(=O)CNCCC(=O)OCC(N)=O;1;13
O=CCNc1ncnc2[nH]cnc12;1;14
NC(=O)NCC(=O)Nc1[nH]cnc1C(=O)O;1;9
NC(=O)Nc1ncnc2c(N)nc(=O)[nH]c12;1;14
NC(=O)N(CC(N)=S)c1[nH]cnc1C(N)=S;1;3
N#CCN(CC(N)=O)C(=O)CN;1;31
C=C(C=NCCC(N)=O)c1ccccc1;1;1
N#CC=Cn1cnc(C#N)c1N(CCC#N)C(N)=O;1;0
N#CC(Cc1ccccc1)N(CC(=O)O)C(N)=O;1;6
N#CCCN(C=O)CC#N;1;2
N#CCCNC(C#N)CC#N;1;13
Nc1[nH]c(=O)[nH]c1C(=O)O;1;12
NC(=O)CNC(=S)CO;1;0
N#Cc1[nH]c(=O)[nH]c1NC=CC(N)=O;1;0
CC=C(C=NCC#N)c1ccccc1;1;1
CCNc1ncnc2[nH]cnc12;1;6
N#CC=CN(CC(N)=O)c1[nH]cnc1C(N)=O;1;0
NC(=O)CCN(CCC(N)=O)CC(N)=O;1;1
N#CCNc1[nH]cnc1CC#N;1;10
N=C(N)NC(=N)NCC(=O)OCC(N)=O;1;2
N#CCN(CC#N)C(=O)CNC(=S)CNC(N)=O;1;1
C=C(C=NCC(=O)NCC(=O)O)c1ccccc1;1;1
N#CCN=CCNC(=N)N;1;1
N#CCNC(=O)CNC=CC(N)=O;1;0
Nc1nc(N)nc(C=Cc2nc(N)nc(N)n2)n1;2;17
N#CCNC(=O)CNC(=O)CNC(N)=O;1;1
N#Cc1nc[nH]c1NCCO;1;10
N#CCCNC(=S)CNC(=N)N;1;1
NC(=S)CCNc1[nH]cnc1C(N)=S;1;4
NC(=O)NCC(=S)NCC(=O)NCC(=O)O;1;0
N#CCNC(=O)CN=CC(O)Cc1ccccc1;1;1
NCC(=O)N(CCc1ccccc1)CC(=O)O;1;31
N#CC(CO)N=CC(O)C(O)CO;1;1
O=C(O)CCN=CC(O)Cc1ccccc1;1;1
N#CC=CN(CC#N)CCc1ccccc1;1;0
N=C(N)NCC=Nc1[nH]cnc1Cc1ccccc1;1;1
NC(=O)C(N=CC(O)C(O)CO)C(N)=O;1;1
NC(=O)NCC(=O)Nc1[nH]cnc1Cc1ccccc1;1;5
CC=C(C=NCC(=O)N(CC#N)CC#N)c1ccccc1;1;1
COC(=O)CCNC(CC(=O)O)C(=O)O;1;18
N#CCCNC(CC(=O)O)C(=O)O;1;13
CC(C#N)NCCC(=O)OCC(N)=O;1;12
N#CCCN(CC#N)C(=O)CNC(=N)NC(=N)N;2;1
N#CCN(CC#N)C(=O)CNC(=N)N;2;3
N=C(N)NCC(=O)NC(Cc1ccccc1)C(=O)O;1;1
NC(=O)Nc1[nH]cnc1C(=S)NCC(=O)O;1;1
N#CC(Cc1ccccc1)NC(=O)CN=CCO;1;1
N#CN=CN;1;0
NC(=O)CNc1[nH]cnc1C(=O)O;1;7
O=Cc1nc[nH]c1NCCc1ccccc1;1;20
O=CNCC(=O)NCC(=O)O;1;1
OCC(O)C(O)C=Nc1ncco1;1;1
N#CC(CO)NC=CC(N)=O;1;0
COC(=O)CCNCC(=O)NCC(=O)O;1;12
NC(=O)CNC(=O)CN=CCO;1;1
NC(=O)N(CCC(N)=S)C(C(N)=S)C(N)=S;1;2
N#CCCN(CC#N)C(=O)CNC=O;1;2
NC(=S)C(N)C(=CCc1ccccc1)c1ccccc1;1;1
NC(=O)C=CNc1nc(=O)[nH]c2[nH]cnc12;1;1
C=Cc1nc(N)nc(NCC(N)=O)n1;2;1
COC(=O)CC(NCC(=O)NC(C#N)CC#N)C(=O)OC;1;18
N#CCCN(CC(N)=O)C(=N)NC(=N)N;1;1
NC(=O)N(CC(N)=S)CC(N)=S;1;2
N#CCCN(C(=N)NC(=N)N)C(C#N)CC#N;1;2
NC(=O)NCC(=O)Nc1nc(=O)[nH]c2[nH]cnc12;1;2
N#CC(=N)N(CCc1ccccc1)CC(=O)O;1;0
NC(=O)NC(CC(=O)O)C(=O)O;1;4
N#CC=CNCC(=O)NC(C#N)CC#N;2;0
N#CCNC(=S)CNc1[nH]cnc1C(=S)NCC#N;1;2
N#CC(Cc1ccccc1)NCC(N)=O;1;14
N#CCCN(CC#N)C(=N)NC(=N)N;1;2
NC(=S)CCN(CCC(N)=S)CC(N)=S;1;3
N#CCCNCC(=O)NC(C#N)CC#N;1;15
CCNc1[nH]cnc1C(=O)O;1;6
N#CCc1nc[nH]c1N=CC(O)CO;1;1
N#CC=Cn1cnc2c(NC=O)ncnc21;1;0
N#CC(N)=C(N)C#N;1;6
N#CCCNC(=O)CNC(=S)CNC(=N)N;1;1
CC(C#N)N=CC(=O)O;1;1
OC(C=Nc1ncnc2[nH]cnc12)Cc1ccccc1;1;1
N#CCN(C(=O)CNC(=N)N)c1[nH]cnc1C(=O)O;1;4
N#CCN(CC(=O)O)C(=O)CNC(=N)NC(=N)N;2;1
N#CC=CN(CC#N)c1[nH]cnc1C#N;1;0
N#CCNC(=O)CNCCC(=O)OCC(N)=O;1;13
N#CCCN(C(=O)CNC(=N)N)c1ncnc2[nH]cnc12;1;5
N#CCN1CC(N)=NC1=O;1;0
NC(=O)NCC(=O)NCCC(=O)O;1;4
N#CC(O)C(O)C(O)CO;1;5
C=C(C=C(C=O)c1ccccc1)c1ccccc1;1;27
C=C(C=NCC#N)c1ccccc1;1;1
COC(=O)CNC(=N)N;1;14
O=C(O)CCNc1ncnc(C(=O)O)c1NCCC(=O)O;1;7
OCc1cnc[nH]1;1;6
N#Cc1nc[nH]c1NC(=O)CNC(=N)N;1;3
CC=NCC(=O)NCCC#N;1;1
C=C(C=NCC(=O)O)c1ccccc1;1;1
N#CCC(C#N)N(CC#N)C(=O)CNC(=N)NC(=N)N;1;1
N#CCNCC(=O)NCC(=O)O;1;15
N#CC(C#N)NC(C#N)Cc1ccccc1;1;7
N=CNC(Cc1ccccc1)C(N)=O;2;1
NC(=S)c1nc[nH]c1NC=O;1;1
N#CCCN(C(=N)NC(=N)N)C(C#N)Cc1ccccc1;1;3
N#CCCN(CC(=O)O)C(=O)CN=CCO;1;1
N=C(N)NCC(=O)NC(Cc1ccccc1)C(N)=O;1;1
N=C(N)NC(=N)NCC(=O)N(CCC(N)=O)CC(=O)O;1;1
O=c1nc(N=CCc2ccccc2)cc[nH]1;1;1
N#CNC=N;2;0
N=C(N)NC(=N)NCC(=O)N(CCC(N)=O)CC(N)=O;1;1
N#CC(N)=C(C#N)NC=CC(N)=O;1;0
N#CCCN(CC(=O)OCC(N)=O)C(=N)N;1;3
N#Cc1[nH]c(=O)[nH]c1N=CC(=CCO)c1ccccc1;1;1
N#Cc1[nH]c(=O)[nH]c1N=CCO;1;1
N#CC(Cc1ccccc1)N(CC(=O)O)C(=O)CN;1;34
N#CCCNC(=O)CNC(=S)C(O)Cc1ccccc1;1;2
NC(=O)C(N)CO;1;30
N#CCCN(CCC(N)=O)C(C(N)=O)C(N)=O;1;2
NC(=O)CNC(=O)CNC(=S)c1nc[nH]c1NC(N)=O;1;1
NC(=O)C=CNC(C(N)=O)C(N)=O;1;0
N#CC(Cc1ccccc1)N=CC(=O)O;1;1
NC(=O)CCNC(=S)CNC(N)=O;1;0
O=C(O)CCNC(=S)C(O)Cc1ccccc1;1;1
NC(=O)C=CNCCC(N)=O;1;0
N#CC=Cn1ccnc1;1;2
COC(=O)CCNCC(=O)O;1;12
N=C(N)NCC(=O)NC(CC(=O)O)C(=O)O;1;0
N#CC=CN(CC(N)=O)CC(=O)O;1;0
CC=C(C=Nc1cc[nH]c(=O)n1)c1ccccc1;1;1
C=C(c1ccccc1)C(C#N)NC=CC#N;2;0
N#CCCN;3;33
N#CCNc1ncnc2[nH]cnc12;1;10
N#Cc1[nH]c(=O)[nH]c1N=CCc1ccccc1;1;1
NC(=S)CC(N)C(N)=S;1;1
N#CC=CN(CC#N)C(C#N)CC#N;1;0
N=C(N)N(CCC(=O)O)CC(=O)O;3;0
N#CC=CN(CCC#N)C(C(N)=O)C(N)=O;1;0
CC(=S)NCC(=O)N(CC#N)CCC#N;1;1
N#CCCN(CC(=O)O)C(=O)CN;1;33
O=C(O)CCNCCC(=O)O;1;12
N#CCCN(CCC#N)C(=O)CNC(=N)N;1;3
N#CC(N)=Nc1[nH]cnc1C(=O)O;1;0
C=C(c1ccccc1)C(C#N)NCC#N;2;11
N#CC(=N)Nc1ncnc2[nH]cnc12;1;0
N#CC(Cc1ccccc1)NC(=O)CN=CC(=O)O;1;1
NC(=O)CNC=O;1;1
NC=Nc1[nH]cnc1C(=O)O;1;4
N#CCCN(CC#N)c1ncnc2[nH]cnc12;1;10
COC(=O)CCC(=O)OC;2;16
C=CC=NC(C#N)Cc1ccccc1;1;1
N#CC=CNc1[nH]cnc1C#N;2;0
NC(=O)CNC(=O)CNCCC(=O)OCC(N)=O;1;11
N#CCCN(CC(=O)O)C(N)=O;1;5
N#CCCN=CC(O)Cc1ccccc1;1;1
NC(=O)Nc1ncnc(C(N)=S)c1NC(N)=O;1;3
N#CCN(CC(=O)OC(CC(N)=O)C(N)=O)C(N)=O;1;5
NCC(=O)N(CC(N)=O)CC(=O)O;2;29
CC(=S)NCCC(=O)O;1;0
N#CCCN(C(=O)CNC(N)=O)C(C#N)CC#N;1;1
O=c1nc(N=CC(O)C(O)CO)cc[nH]1;1;1
N#CCCNC(=S)C(O)Cc1ccccc1;1;2
CC=NCC#N;1;1
N#CCCN(CC#N)C(=O)CNC(=S)CNC(=N)N;1;1
NCC(=O)NCC(=O)NCC(=O)O;1;31
O=C(O)CNC(=O)CN=CC(=CCO)c1ccccc1;1;1
C=CC=C(C=O)c1ccccc1;1;27
Nc1c(C(=O)O)nc[nH]c1=O;1;12
N#CC(N)=Nc1[nH]cnc1C#N;1;0
NC(=O)Cc1nc[nH]c1N;1;14
N#CCCNc1nc(=O)[nH]c2[nH]cnc12;1;10
C=CC=NCC(=O)NCC(=O)O;1;1
N#CCC(C#N)N=CC(=CCO)c1ccccc1;1;1
N#CCCN(C(=O)CNC(=N)N)c1[nH]cnc1C(=O)O;1;4
N#CCCN(CCC#N)CCC#N;1;4
N#CC=CNc1[nH]cnc1C(N)=O;2;0
